--
-- Script was generated by Devart dbForge Studio 2020 for MySQL, Version 9.0.338.0
-- Product home page: http://www.devart.com/dbforge/mysql/studio
-- Script date 11/2/2022 7:59:39 PM
-- Server version: 10.4.22
-- Client version: 4.1
--

-- 
-- Disable foreign keys
-- 
/*!40014 SET @OLD_FOREIGN_KEY_CHECKS=@@FOREIGN_KEY_CHECKS, FOREIGN_KEY_CHECKS=0 */;

-- 
-- Set SQL mode
-- 
/*!40101 SET @OLD_SQL_MODE=@@SQL_MODE, SQL_MODE='NO_AUTO_VALUE_ON_ZERO' */;

-- 
-- Set character set the client will use to send SQL statements to the server
--
SET NAMES 'utf8';

--
-- Set default database
--
USE `misa-learn-gd2`;

--
-- Drop procedure `proc_department_Duplicate`
--
DROP PROCEDURE IF EXISTS proc_department_Duplicate;

--
-- Drop procedure `proc_department_Insert`
--
DROP PROCEDURE IF EXISTS proc_department_Insert;

--
-- Drop procedure `proc_department_Update`
--
DROP PROCEDURE IF EXISTS proc_department_Update;

--
-- Drop procedure `proc_employee_DeleteMultiple`
--
DROP PROCEDURE IF EXISTS proc_employee_DeleteMultiple;

--
-- Drop procedure `proc_employee_Duplicate`
--
DROP PROCEDURE IF EXISTS proc_employee_Duplicate;

--
-- Drop procedure `Proc_employee_Filter`
--
DROP PROCEDURE IF EXISTS Proc_employee_Filter;

--
-- Drop procedure `proc_employee_GetAll`
--
DROP PROCEDURE IF EXISTS proc_employee_GetAll;

--
-- Drop procedure `proc_employee_GetAllFilter`
--
DROP PROCEDURE IF EXISTS proc_employee_GetAllFilter;

--
-- Drop procedure `Proc_employee_Insert`
--
DROP PROCEDURE IF EXISTS Proc_employee_Insert;

--
-- Drop procedure `Proc_employee_Update`
--
DROP PROCEDURE IF EXISTS Proc_employee_Update;

--
-- Drop procedure `proc_position_Delete`
--
DROP PROCEDURE IF EXISTS proc_position_Delete;

--
-- Drop procedure `proc_position_Detail`
--
DROP PROCEDURE IF EXISTS proc_position_Detail;

--
-- Drop procedure `proc_position_GetAll`
--
DROP PROCEDURE IF EXISTS proc_position_GetAll;

--
-- Drop procedure `proc_position_Insert`
--
DROP PROCEDURE IF EXISTS proc_position_Insert;

--
-- Drop procedure `proc_position_Update`
--
DROP PROCEDURE IF EXISTS proc_position_Update;

--
-- Drop procedure `proc_requestDetail_delete`
--
DROP PROCEDURE IF EXISTS proc_requestDetail_delete;

--
-- Drop procedure `proc_requestDetail_Insert`
--
DROP PROCEDURE IF EXISTS proc_requestDetail_Insert;

--
-- Drop procedure `proc_request_ChangeStatusMultiple`
--
DROP PROCEDURE IF EXISTS proc_request_ChangeStatusMultiple;

--
-- Drop procedure `proc_request_DeleteMultiple`
--
DROP PROCEDURE IF EXISTS proc_request_DeleteMultiple;

--
-- Drop procedure `proc_request_Filter`
--
DROP PROCEDURE IF EXISTS proc_request_Filter;

--
-- Drop procedure `proc_request_GetAllFilter`
--
DROP PROCEDURE IF EXISTS proc_request_GetAllFilter;

--
-- Drop procedure `proc_request_Insert`
--
DROP PROCEDURE IF EXISTS proc_request_Insert;

--
-- Drop procedure `proc_request_Update`
--
DROP PROCEDURE IF EXISTS proc_request_Update;

--
-- Drop procedure `proc_requestDetail_DeleteAll`
--
DROP PROCEDURE IF EXISTS proc_requestDetail_DeleteAll;

--
-- Drop procedure `proc_requestDetail_Detail`
--
DROP PROCEDURE IF EXISTS proc_requestDetail_Detail;

--
-- Drop table `request_detail`
--
DROP TABLE IF EXISTS request_detail;

--
-- Drop procedure `proc_request_Delete`
--
DROP PROCEDURE IF EXISTS proc_request_Delete;

--
-- Drop procedure `proc_request_Detail`
--
DROP PROCEDURE IF EXISTS proc_request_Detail;

--
-- Drop procedure `proc_request_GetAll`
--
DROP PROCEDURE IF EXISTS proc_request_GetAll;

--
-- Drop table `request`
--
DROP TABLE IF EXISTS request;

--
-- Drop procedure `proc_employee_Delete`
--
DROP PROCEDURE IF EXISTS proc_employee_Delete;

--
-- Drop procedure `proc_employee_Detail`
--
DROP PROCEDURE IF EXISTS proc_employee_Detail;

--
-- Drop procedure `proc_employee_GetAllCount`
--
DROP PROCEDURE IF EXISTS proc_employee_GetAllCount;

--
-- Drop procedure `proc_employee_Max`
--
DROP PROCEDURE IF EXISTS proc_employee_Max;

--
-- Drop table `employee`
--
DROP TABLE IF EXISTS employee;

--
-- Drop procedure `proc_department_Delete`
--
DROP PROCEDURE IF EXISTS proc_department_Delete;

--
-- Drop procedure `proc_department_Detail`
--
DROP PROCEDURE IF EXISTS proc_department_Detail;

--
-- Drop procedure `proc_department_GetAll`
--
DROP PROCEDURE IF EXISTS proc_department_GetAll;

--
-- Drop table `department`
--
DROP TABLE IF EXISTS department;

--
-- Drop table `position`
--
DROP TABLE IF EXISTS position;

--
-- Set default database
--
USE `misa-learn-gd2`;

--
-- Create table `position`
--
CREATE TABLE position (
  PositionId char(36) NOT NULL DEFAULT '' COMMENT 'khoá chính bảng bộ phận',
  PositionCode varchar(20) NOT NULL DEFAULT '' COMMENT 'mã bộ phận',
  PositionName varchar(255) NOT NULL DEFAULT '',
  CreatedDate datetime DEFAULT NULL,
  CreatedBy varchar(100) DEFAULT NULL,
  ModifiedDate datetime DEFAULT NULL,
  ModifiedBy varchar(100) DEFAULT NULL,
  PRIMARY KEY (PositionId)
)
ENGINE = INNODB,
AVG_ROW_LENGTH = 1820,
CHARACTER SET utf8mb4,
COLLATE utf8mb4_general_ci,
COMMENT = 'danh sách bộ phận / phòng ban';

--
-- Create index `DepartmentCode` on table `position`
--
ALTER TABLE position
ADD UNIQUE INDEX DepartmentCode (PositionCode);

--
-- Create table `department`
--
CREATE TABLE department (
  DepartmentId char(36) NOT NULL DEFAULT '',
  DepartmentCode varchar(20) DEFAULT NULL,
  DepartmentName varchar(255) DEFAULT NULL,
  CreatedDate datetime DEFAULT NULL,
  CreatedBy varchar(100) DEFAULT NULL,
  ModifiedDate datetime DEFAULT NULL,
  ModifiedBy varchar(100) DEFAULT NULL,
  PRIMARY KEY (DepartmentId)
)
ENGINE = INNODB,
AVG_ROW_LENGTH = 2340,
CHARACTER SET utf8mb4,
COLLATE utf8mb4_general_ci;

DELIMITER $$

--
-- Create procedure `proc_department_GetAll`
--
CREATE DEFINER = 'root'@'localhost'
PROCEDURE proc_department_GetAll ()
COMMENT '-- Author:       VinhKT
  -- Created date:  15/09/2022
  -- Description:   lấy tất cả  phòng ban
  -- Modified by:
  -- Code chạy thử: CALL `misa-learn-gd1`.proc_department_GetAll();'
BEGIN
  SELECT
    *
  FROM department d;
END
$$

--
-- Create procedure `proc_department_Detail`
--
CREATE DEFINER = 'root'@'localhost'
PROCEDURE proc_department_Detail (IN v_id varchar(38))
COMMENT '-- Author:       VinhKT
  -- Created date:  15/09/2022
  -- Description:   lấy chi tiết phòng ban
  -- Modified by:
  '
BEGIN
  -- Code chạy thử: CALL `misa-learn-gd1`.proc_department_Detail("'11d15295-2324-7403-261e-086412a8ea97'");
  SELECT
    *
  FROM department d
  WHERE d.DepartmentId = v_id;
END
$$

--
-- Create procedure `proc_department_Delete`
--
CREATE DEFINER = 'root'@'localhost'
PROCEDURE proc_department_Delete (IN v_id varchar(38))
COMMENT '-- Author:       VinhKT
  -- Created date:  15/09/2022
  -- Description:   xoá phòng ban khỏi bảng
  -- Modified by:'
BEGIN
  -- Code chạy thử: CALL `misa-learn-gd1`.proc_department_Delete("11e8faef-6121-695a-86f6-423b4e874d0f");'

  DELETE
    FROM department
  WHERE DepartmentId = v_Id;
END
$$

DELIMITER ;

--
-- Create table `employee`
--
CREATE TABLE employee (
  EmployeeID char(36) NOT NULL DEFAULT '',
  EmployeeCode varchar(20) NOT NULL DEFAULT '' COMMENT 'mã nhân viên',
  FullName varchar(100) NOT NULL DEFAULT '' COMMENT 'họ và tên nhân viên',
  CreatedDate datetime DEFAULT NULL COMMENT 'ngày tạo',
  CreatedBy varchar(100) DEFAULT NULL COMMENT 'người tạo',
  ModifiedDate datetime DEFAULT NULL COMMENT 'ngày chỉnh sửa gần nhất',
  ModifiedBy varchar(100) DEFAULT NULL COMMENT 'người chỉnh sửa gần nhất',
  Gender tinyint(1) DEFAULT NULL COMMENT 'giới tính',
  DateOfBirth datetime DEFAULT NULL COMMENT 'ngày sinh',
  PhoneNumber varchar(50) DEFAULT NULL COMMENT 'số điện thoại di động',
  Email varchar(100) DEFAULT NULL,
  Address varchar(255) DEFAULT NULL COMMENT 'địa chỉ',
  IdentityNumber varchar(25) DEFAULT NULL COMMENT 'số chứng minh / căn cước công dân',
  IdentityDate datetime DEFAULT NULL COMMENT 'ngày cấp cmnd/ cccd',
  IdentityPlace varchar(255) DEFAULT NULL COMMENT 'nơi cấp cmnd/ cccd',
  DepartmentId char(36) NOT NULL DEFAULT '' COMMENT 'id bộ phận làm việc',
  PositionId char(36) DEFAULT NULL COMMENT 'id vị trí/ chức vụ của nhân viên',
  BankAccount varchar(25) DEFAULT NULL COMMENT 'số tài khoản ngân hàng',
  BankBranch varchar(255) DEFAULT NULL COMMENT 'chi nhánh tài khoản ngân hàng',
  BankName varchar(255) DEFAULT NULL COMMENT 'tên ngân hàng',
  HomePhoneNumber varchar(50) DEFAULT NULL COMMENT 'số điện thoại cố định',
  PRIMARY KEY (EmployeeID)
)
ENGINE = INNODB,
AVG_ROW_LENGTH = 490,
CHARACTER SET utf8mb4,
COLLATE utf8mb4_general_ci,
COMMENT = 'bảng chứa danh sách và thông tin nhân viên';

--
-- Create index `EmployeeCode` on table `employee`
--
ALTER TABLE employee
ADD UNIQUE INDEX EmployeeCode (EmployeeCode);

--
-- Create foreign key
--
ALTER TABLE employee
ADD CONSTRAINT FK_employee_department_DepartmentId FOREIGN KEY (DepartmentId)
REFERENCES department (DepartmentId) ON DELETE NO ACTION;

--
-- Create foreign key
--
ALTER TABLE employee
ADD CONSTRAINT FK_employee_position_PositionId FOREIGN KEY (PositionId)
REFERENCES position (PositionId) ON DELETE NO ACTION;

DELIMITER $$

--
-- Create procedure `proc_employee_Max`
--
CREATE DEFINER = 'root'@'localhost'
PROCEDURE proc_employee_Max ()
COMMENT '-- Author:       VinhKT
  -- Created date:  15/09/2022
  -- Description:   lấy  nhân viên có mã lớn nhất
  -- Modified by:
  -- Code chạy thử: CALL `misa-learn-gd1`.proc_employee_Max();'
BEGIN
  SELECT
    EmployeeCode
  FROM employee
  WHERE CAST(SUBSTRING(EmployeeCode, 3) AS UNSIGNED) = (SELECT
      MAX(CAST(SUBSTRING(EmployeeCode, 3) AS UNSIGNED))
    FROM employee)
  AND EmployeeCode LIKE 'NV%';
END
$$

--
-- Create procedure `proc_employee_GetAllCount`
--
CREATE DEFINER = 'root'@'localhost'
PROCEDURE proc_employee_GetAllCount ()
COMMENT '-- Author:       VinhKT
  -- Created date:  15/09/2022
  -- Description:   đếm tất cả nhân viên
  -- Modified by:
  -- Code chạy thử: CALL `misa-learn-gd1`.proc_employee_GetAllCount();'
BEGIN

  SELECT
    COUNT(*)
  FROM employee e;
END
$$

--
-- Create procedure `proc_employee_Detail`
--
CREATE DEFINER = 'root'@'localhost'
PROCEDURE proc_employee_Detail (IN v_id varchar(255))
COMMENT '-- Author:       VinhKT
  -- Created date:  15/09/2022
  -- Description:   lấy chi tiết nhân viên bảng
  -- Modified by:
  '
BEGIN
  -- Code chạy thử: CALL `misa-learn-gd1`.proc_employee_Detail("EmployeeID='11d15295-2324-7403-261e-086412a8ea97'");
  SELECT
    *
  FROM employee
  WHERE EmployeeId = v_id;
END
$$

--
-- Create procedure `proc_employee_Delete`
--
CREATE DEFINER = 'root'@'localhost'
PROCEDURE proc_employee_Delete (IN v_Id varchar(38))
COMMENT '-- Author:       VinhKT
  -- Created date:  15/09/2022
  -- Description:   xoá nhân viên khỏi bảng
  -- Modified by:'
BEGIN
  -- Code chạy thử: CALL `misa-learn-gd1`.proc_employee_Delete("11e8faef-6121-695a-86f6-423b4e874d0f");'

  DELETE
    FROM employee
  WHERE EmployeeID = v_Id;
END
$$

DELIMITER ;

--
-- Create table `request`
--
CREATE TABLE request (
  OverTimeId char(36) NOT NULL DEFAULT '',
  EmployeeId char(36) NOT NULL DEFAULT '',
  ApprovalToId char(36) NOT NULL DEFAULT '',
  Status tinyint(4) NOT NULL,
  FromDate datetime NOT NULL,
  ToDate datetime NOT NULL,
  Reason varchar(255) NOT NULL DEFAULT '',
  ApplyDate datetime NOT NULL,
  BreakTimeFrom datetime DEFAULT NULL,
  BreakTimeTo datetime DEFAULT NULL,
  OverTimeInWorkingShift tinyint(4) NOT NULL,
  CreatedDate datetime DEFAULT NULL,
  CreatedBy varchar(100) DEFAULT NULL,
  ModifiedDate datetime DEFAULT NULL,
  ModifiedBy varchar(100) DEFAULT NULL,
  WorkingShift tinyint(4) DEFAULT NULL,
  PRIMARY KEY (OverTimeId)
)
ENGINE = INNODB,
AVG_ROW_LENGTH = 417,
CHARACTER SET utf8mb4,
COLLATE utf8mb4_general_ci,
COMMENT = 'danh sách yêu cầu làm thêm';

--
-- Create index `IDX_request_EmployeeId` on table `request`
--
ALTER TABLE request
ADD INDEX IDX_request_EmployeeId (EmployeeId);

--
-- Create index `IDX_request_Status` on table `request`
--
ALTER TABLE request
ADD INDEX IDX_request_Status (Status);

--
-- Create foreign key
--
ALTER TABLE request
ADD CONSTRAINT FK_request_employee_ApprovalToId FOREIGN KEY (ApprovalToId)
REFERENCES employee (EmployeeID) ON DELETE NO ACTION;

--
-- Create foreign key
--
ALTER TABLE request
ADD CONSTRAINT FK_request_employee_EmployeeId FOREIGN KEY (EmployeeId)
REFERENCES employee (EmployeeID) ON DELETE NO ACTION;

DELIMITER $$

--
-- Create procedure `proc_request_GetAll`
--
CREATE DEFINER = 'root'@'localhost'
PROCEDURE proc_request_GetAll ()
COMMENT '-- Author:       VinhKT
  -- Created date:  22/10/2022
  -- Description:   lấy tất cả đơn
  -- Modified by:
  -- Code chạy thử: CALL `misa-learn-gd1`.proc_request_GetAll();'
BEGIN
  SELECT
    *
  FROM request r;
END
$$

--
-- Create procedure `proc_request_Detail`
--
CREATE DEFINER = 'root'@'localhost'
PROCEDURE proc_request_Detail (IN v_id varchar(38))
COMMENT '-- Author:       VinhKT
  -- Created date:  22/10/2022
  -- Description:   lấy chi tiết reqeust
  -- Modified by:
  '
BEGIN
  -- Code chạy thử: CALL `misa-learn-gd1`.proc_request_Detail('11d15295-2324-7403-261e-086412a8ea97');
  SELECT
    r.*,
    e.DepartmentId,
    d.DepartmentName,
    e.FullName
  FROM request r
    JOIN employee e
      ON r.EmployeeId = e.EmployeeID
    JOIN department d
      ON e.DepartmentId = d.DepartmentId
  WHERE OverTimeId = v_id;
END
$$

--
-- Create procedure `proc_request_Delete`
--
CREATE DEFINER = 'root'@'localhost'
PROCEDURE proc_request_Delete (IN v_Id varchar(38))
COMMENT '-- Author:       VinhKT
  -- Created date: 22/10/2022
  -- Description:   xoá đơn khỏi bảng
  -- Modified by:'
BEGIN
  -- Code chạy thử: CALL `misa-learn-gd1`.proc_request_Delete("11e8faef-6121-695a-86f6-423b4e874d0f");'

  DELETE
    FROM request
  WHERE OverTimeId = v_Id;
END
$$

DELIMITER ;

--
-- Create table `request_detail`
--
CREATE TABLE request_detail (
  RequestDetailId char(36) NOT NULL DEFAULT '',
  RequestId char(36) DEFAULT NULL,
  EmployeeCode varchar(255) DEFAULT NULL,
  FullName varchar(255) DEFAULT NULL,
  PositionId char(36) DEFAULT NULL,
  DepartmentId char(36) DEFAULT NULL,
  Email varchar(50) DEFAULT NULL,
  PhoneNumber varchar(12) DEFAULT NULL,
  EmployeeId char(36) DEFAULT NULL,
  PRIMARY KEY (RequestDetailId)
)
ENGINE = INNODB,
AVG_ROW_LENGTH = 10922,
CHARACTER SET utf8mb4,
COLLATE utf8mb4_general_ci;

--
-- Create foreign key
--
ALTER TABLE request_detail
ADD CONSTRAINT FK_request_detail_RequestId FOREIGN KEY (RequestId)
REFERENCES request (OverTimeId) ON DELETE CASCADE;

DELIMITER $$

--
-- Create procedure `proc_requestDetail_Detail`
--
CREATE DEFINER = 'root'@'localhost'
PROCEDURE proc_requestDetail_Detail (IN v_RequestId char(38))
BEGIN
  SELECT
    *
  FROM request_detail rd
  WHERE rd.RequestId = v_RequestId;
END
$$

--
-- Create procedure `proc_requestDetail_DeleteAll`
--
CREATE DEFINER = 'root'@'localhost'
PROCEDURE proc_requestDetail_DeleteAll (IN v_OverTimeId char(38))
BEGIN
  DELETE
    FROM request_detail
  WHERE RequestId = v_OverTimeId;
END
$$

--
-- Create procedure `proc_request_Update`
--
CREATE DEFINER = 'root'@'localhost'
PROCEDURE proc_request_Update (IN v_Id char(38), IN v_Query text)
COMMENT '-- Author:       VinhKT
  -- Created date:  22/10/2022
  -- Description:   update một bản ghi trong bảng request
  -- Modified by:
  '
BEGIN
  SET @filterQuery = CONCAT('UPDATE request SET ', v_Query, ' WHERE OverTimeId = ', v_Id);
  -- code chạy thử: CALL `misa-learn-gd1`.proc_request_Update('"11d15295-2324-7403-261e-086412a8ea97"', 'FullName = "Vinh KT", PhoneNumber = "0911111111"');
  PREPARE filterQuery FROM @filterQuery;
  EXECUTE filterQuery;
  DEALLOCATE PREPARE filterQuery;
END
$$

--
-- Create procedure `proc_request_Insert`
--
CREATE DEFINER = 'root'@'localhost'
PROCEDURE proc_request_Insert (IN v_Columns text, IN v_Values text)
COMMENT '-- Author:       VinhKT
  -- Created date:  22/10/2022
  -- Description:   Thêm mới một request vào bảng
  -- Modified by:
  '
BEGIN
  SET @query = CONCAT('INSERT INTO request ', v_Columns, ' VALUES ', v_Values);
  PREPARE query FROM @query;
  EXECUTE query;
  DEALLOCATE PREPARE query;
END
$$

--
-- Create procedure `proc_request_GetAllFilter`
--
CREATE DEFINER = 'root'@'localhost'
PROCEDURE proc_request_GetAllFilter (IN v_Where text)
COMMENT '-- Author:       VinhKT
  -- Created date:  15/09/2022
  -- Description:   lấy tất cả  nhân viên theo filter
  -- Modified by:
  -- Code chạy thử: CALL `misa-learn-gd1`.proc_request_GetAllFilter("EmployeeName like ''%linh%''");'
BEGIN
  IF IFNULL(v_Where, '') = '' THEN
    SET v_Where = '1=1';
  END IF;

  SET @filterQuery = CONCAT('select * FROM request where ', v_Where, ' ORDER BY ModifiedDate DESC');
  PREPARE filterQuery FROM @filterQuery;
  EXECUTE filterQuery;
  DEALLOCATE PREPARE filterQuery;

END
$$

--
-- Create procedure `proc_request_Filter`
--
CREATE DEFINER = 'root'@'localhost'
PROCEDURE proc_request_Filter (IN v_Offset int, -- số thứ tự của bản ghi bắt đầu lấy
IN v_Limit int, -- số bản ghi muốn lấy kể từ offset
IN v_Where text)
COMMENT '-- Author:       VinhKT
  -- Created date:  22/10/2022
  -- Description:   Lấy danh sách request và tổng số request có phân trang
  -- Modified by:
  -- Code chạy thử: CALL `misa-learn-gd1`.Proc_request_Filter(0, 10, NULL, "FullName like ''''%Trường%''''");'
BEGIN
  IF IFNULL(v_where, '') = '' THEN
    SET v_Where = '1=1';
  END IF;

  -- SET @filterQuery = CONCAT('select * from request where ', v_Where, ' order by (CAST(SUBSTRING(EmployeeCode, 3) AS UNSIGNED )) desc ', 'limit ', v_Limit, ' offset ', v_Offset);

  SET @filterQuery = CONCAT('select r.*,e.EmployeeCode, e.FullName, e.DepartmentId, d.DepartmentName, p.PositionName, e.PositionId,e1.FullName as ApprovalToName from request r join employee e on r.EmployeeId = e.EmployeeId join employee e1 on r.ApprovalToId = e1.EmployeeId join department d on e.DepartmentId = d.DepartmentId join position p on e.PositionId = p.PositionId where ', v_Where, ' order by r.ModifiedDate desc ', 'limit ', v_Limit, ' offset ', v_Offset);
  PREPARE filterQuery FROM @filterQuery;
  EXECUTE filterQuery;
  DEALLOCATE PREPARE filterQuery;

  SET @count = CONCAT('select count(*) from(', ' select count(*) from request r join employee e on r.EmployeeId = e.EmployeeId where ', v_Where, ' group by r.OverTimeId', ' ) t');

  PREPARE count FROM @count;
  EXECUTE count;
  DEALLOCATE PREPARE count;

END
$$

--
-- Create procedure `proc_request_DeleteMultiple`
--
CREATE DEFINER = 'root'@'localhost'
PROCEDURE proc_request_DeleteMultiple (IN v_IdsQuery text)
COMMENT '-- Author:       VinhKT
  -- Created date: 22/10/2022
  -- Description:   xoá nhiều request khỏi bảng
  -- Modified by:'
BEGIN
  SET @query = CONCAT('DELETE FROM request WHERE OverTimeId IN ', v_IdsQuery);

  PREPARE query FROM @query;
  EXECUTE query;
  DEALLOCATE PREPARE query;
END
$$

--
-- Create procedure `proc_request_ChangeStatusMultiple`
--
CREATE DEFINER = 'root'@'localhost'
PROCEDURE proc_request_ChangeStatusMultiple (IN v_IdsQuery text, IN v_Status int)
COMMENT '-- Author:       VinhKT
  -- Created date: 22/10/2022
  -- Description:   đổi trạng thái nhiều request trong bảng
  -- Modified by:'
BEGIN
  SET @query = CONCAT('UPDATE request SET Status = ', v_Status, ' WHERE OverTimeId IN', v_IdsQuery);
  -- CONCAT('DELETE FROM request WHERE OverTimeId IN ', v_IdsQuery);

  PREPARE query FROM @query;
  EXECUTE query;
  DEALLOCATE PREPARE query;
END
$$

--
-- Create procedure `proc_requestDetail_Insert`
--
CREATE DEFINER = 'root'@'localhost'
PROCEDURE proc_requestDetail_Insert (IN v_Columns text, IN v_Values text)
COMMENT '-- Author:       VinhKT
  -- Created date:  15/09/2022
  -- Description:   thêm mới một request detail
  -- Modified by:
  '
BEGIN
  SET @query = CONCAT('INSERT INTO request_detail ', v_Columns, ' VALUES ', v_Values);
  PREPARE query FROM @query;
  EXECUTE query;
  DEALLOCATE PREPARE query;
END
$$

--
-- Create procedure `proc_requestDetail_delete`
--
CREATE DEFINER = 'root'@'localhost'
PROCEDURE proc_requestDetail_delete (IN v_IdsQuery text)
BEGIN
  SET @query = CONCAT('DELETE FROM request_detail WHERE RequestDetailId IN ', v_IdsQuery);

  PREPARE query FROM @query;
  EXECUTE query;
  DEALLOCATE PREPARE query;
END
$$

--
-- Create procedure `proc_position_Update`
--
CREATE DEFINER = 'root'@'localhost'
PROCEDURE proc_position_Update (IN v_Id varchar(38), IN v_Query text)
COMMENT '-- Author:       VinhKT
  -- Created date:  15/09/2022
  -- Description:     update một bản ghi trong bảng vị trí
  -- Modified by:
  '
BEGIN
  SET @query = CONCAT('UPDATE position SET ', v_Query, ' WHERE PositionId = ', v_Id);
  -- code chạy thử: CALL `misa-learn-gd1`.proc_position_Update('"11d15295-2324-7403-261e-086412a8ea97"', 'PositionName = "Vinh KT", PositionCode = "P012"');
  PREPARE query FROM @query;
  EXECUTE query;
  DEALLOCATE PREPARE query;
END
$$

--
-- Create procedure `proc_position_Insert`
--
CREATE DEFINER = 'root'@'localhost'
PROCEDURE proc_position_Insert (IN v_Columns text, IN v_Values text)
COMMENT '-- Author:       VinhKT
  -- Created date:  15/09/2022
  -- Description:   thêm mới một vị trí
  -- Modified by:
  '
BEGIN
  SET @query = CONCAT('INSERT INTO position ', v_Columns, ' VALUES ', v_Values);
  -- code chạy thử: CALL `misa-learn-gd1`.proc_postion_Insert('(PositionId, PositionCode, PositionName)', '("11452b0c-768e-5ff7-0d63-eeb1d8ed8cef", "P0019", "hihihi ")');
  PREPARE query FROM @query;
  EXECUTE query;
  DEALLOCATE PREPARE query;
END
$$

--
-- Create procedure `proc_position_GetAll`
--
CREATE DEFINER = 'root'@'localhost'
PROCEDURE proc_position_GetAll ()
COMMENT '-- Author:       VinhKT
  -- Created date:  15/09/2022
  -- Description:   lấy tất cả vị trí
  -- Modified by:
  -- Code chạy thử: CALL `misa-learn-gd1`.proc_position_GetAll();'
BEGIN
  SELECT
    *
  FROM `misa-learn-gd2`.position;
END
$$

--
-- Create procedure `proc_position_Detail`
--
CREATE DEFINER = 'root'@'localhost'
PROCEDURE proc_position_Detail (IN v_id varchar(38))
COMMENT '-- Author:       VinhKT
  -- Created date:  15/09/2022
  -- Description:   lấy chi tiết vị trí
  -- Modified by:
  '
BEGIN
  -- Code chạy thử: CALL `misa-learn-gd1`.proc_position_Detail("'11d15295-2324-7403-261e-086412a8ea97'");
  SELECT
    *
  FROM `misa-learn-gd2`.position
  WHERE PositionId = v_id;
END
$$

--
-- Create procedure `proc_position_Delete`
--
CREATE DEFINER = 'root'@'localhost'
PROCEDURE proc_position_Delete (IN v_id varchar(38))
COMMENT '-- Author:       VinhKT
  -- Created date:  15/09/2022
  -- Description:   xoá vị trí khỏi bảng
  -- Modified by:'
BEGIN
  -- Code chạy thử: CALL `misa-learn-gd1`.proc_position_Delete("11e8faef-6121-695a-86f6-423b4e874d0f");'

  DELETE
    FROM `misa-learn-gd2`.position
  WHERE PositionId = v_Id;
END
$$

--
-- Create procedure `Proc_employee_Update`
--
CREATE DEFINER = 'root'@'localhost'
PROCEDURE Proc_employee_Update (IN v_Id char(38), IN v_Query text)
COMMENT '-- Author:       VinhKT
  -- Created date:  15/09/2022
  -- Description:   update một bản ghi trong bảng nhân viên
  -- Modified by:
  '
BEGIN
  SET @filterQuery = CONCAT('UPDATE employee SET ', v_Query, ' WHERE EmployeeId = ', v_Id);
  -- code chạy thử: CALL `misa-learn-gd1`.Proc_employee_Update('"11d15295-2324-7403-261e-086412a8ea97"', 'FullName = "Vinh KT", PhoneNumber = "0911111111"');
  PREPARE filterQuery FROM @filterQuery;
  EXECUTE filterQuery;
  DEALLOCATE PREPARE filterQuery;
END
$$

--
-- Create procedure `Proc_employee_Insert`
--
CREATE DEFINER = 'root'@'localhost'
PROCEDURE Proc_employee_Insert (IN v_Columns text, IN v_Values text)
COMMENT '-- Author:       VinhKT
  -- Created date:  15/09/2022
  -- Description:   Thêm mới một nhân viên vào bảng
  -- Modified by:
  '
BEGIN
  SET @query = CONCAT('INSERT INTO employee ', v_Columns, ' VALUES ', v_Values);
  -- code chạy thử: CALL `misa-learn-gd1`.Proc_employee_Insert('(EmployeeID, EmployeeCode, FullName, DepartmentId)', '("11452b0c-768e-5ff7-0d63-eeb1d8ed8cef", "NV1234411", "vinh ", "11452b0c-768e-5ff7-0d63-eeb1d8ed8cef")');
  PREPARE query FROM @query;
  EXECUTE query;
  DEALLOCATE PREPARE query;
END
$$

--
-- Create procedure `proc_employee_GetAllFilter`
--
CREATE DEFINER = 'root'@'localhost'
PROCEDURE proc_employee_GetAllFilter (IN v_Where varchar(255))
COMMENT '-- Author:       VinhKT
  -- Created date:  15/09/2022
  -- Description:   lấy tất cả  nhân viên theo filter
  -- Modified by:
  -- Code chạy thử: CALL `misa-learn-gd1`.proc_employee_GetAllFilter("EmployeeName like ''%linh%''");'
BEGIN
  IF IFNULL(v_Where, '') = '' THEN
    SET v_Where = '1=1';
  END IF;

  SET @filterQuery = CONCAT('select * FROM employee where ', v_Where, ' ORDER BY EmployeeCode DESC');
  PREPARE filterQuery FROM @filterQuery;
  EXECUTE filterQuery;
  DEALLOCATE PREPARE filterQuery;
-- select * FROM employee WHERE v_Where;
END
$$

--
-- Create procedure `proc_employee_GetAll`
--
CREATE DEFINER = 'root'@'localhost'
PROCEDURE proc_employee_GetAll ()
COMMENT '-- Author:       VinhKT
  -- Created date:  15/09/2022
  -- Description:   lấy tất cả  nhân viên
  -- Modified by:
  -- Code chạy thử: CALL `misa-learn-gd1`.proc_employee_GetAll();'
BEGIN
  SET @filterQuery = ('select * FROM employee order by FullName');
  PREPARE filterQuery FROM @filterQuery;
  EXECUTE filterQuery;
  DEALLOCATE PREPARE filterQuery;
END
$$

--
-- Create procedure `Proc_employee_Filter`
--
CREATE DEFINER = 'root'@'localhost'
PROCEDURE Proc_employee_Filter (IN v_Offset int, -- số thứ tự của bản ghi bắt đầu lấy
IN v_Limit int, -- số bản ghi muốn lấy kể từ offset
IN v_Where varchar(255))
COMMENT '-- Author:       VinhKT
  -- Created date:  15/09/2022
  -- Description:   Lấy danh sách nhân viên và tổng số nhân viên có phân trang
  -- Modified by:
  -- Code chạy thử: CALL `misa-learn-gd1`.Proc_employee_Filter(0, 10, NULL, "FullName like ''''%Trường%''''");'
BEGIN
  IF IFNULL(v_where, '') = '' THEN
    SET v_Where = '1=1';
  END IF;

  -- SET @filterQuery = CONCAT('select * from employee where ', v_Where, ' order by (CAST(SUBSTRING(EmployeeCode, 3) AS UNSIGNED )) desc ', 'limit ', v_Limit, ' offset ', v_Offset);
  SET @filterQuery = CONCAT('select * from employee where ', v_Where, ' order by ModifiedDate desc ', 'limit ', v_Limit, ' offset ', v_Offset);
  PREPARE filterQuery FROM @filterQuery;
  EXECUTE filterQuery;
  DEALLOCATE PREPARE filterQuery;

  SET @count = CONCAT('select count(*) from employee where ', v_Where);

  PREPARE count FROM @count;
  EXECUTE count;
  DEALLOCATE PREPARE count;

END
$$

--
-- Create procedure `proc_employee_Duplicate`
--
CREATE DEFINER = 'root'@'localhost'
PROCEDURE proc_employee_Duplicate (IN v_FieldName varchar(255), IN v_FieldValue varchar(255))
COMMENT '-- Author:       VinhKT
  -- Created date:  15/09/2022
  -- Description:   đếm số bản ghi trùng với fieldname
  -- Modified by:'
BEGIN
  SET @query = CONCAT('SELECT * FROM employee e WHERE ', v_FieldName, ' = ', v_FieldValue);
  PREPARE query FROM @query;
  EXECUTE query;
  DEALLOCATE PREPARE query;


END
$$

--
-- Create procedure `proc_employee_DeleteMultiple`
--
CREATE DEFINER = 'root'@'localhost'
PROCEDURE proc_employee_DeleteMultiple (IN v_IdsQuery text)
COMMENT '-- Author:       VinhKT
  -- Created date:  15/09/2022
  -- Description:   xoá nhiều nhân viên khỏi bảng
  -- Modified by:'
BEGIN
  SET @query = CONCAT('DELETE FROM employee WHERE EmployeeID IN ', v_IdsQuery);

  PREPARE query FROM @query;
  EXECUTE query;
  DEALLOCATE PREPARE query;
END
$$

--
-- Create procedure `proc_department_Update`
--
CREATE DEFINER = 'root'@'localhost'
PROCEDURE proc_department_Update (IN v_Id varchar(38), IN v_Query text)
COMMENT '-- Author:       VinhKT
  -- Created date:  15/09/2022
  -- Description:     update một bản ghi trong bảng phòng ban
  -- Modified by:
  '
BEGIN
  SET @query = CONCAT('UPDATE department SET ', v_Query, ' WHERE DepartmentId = ', v_Id);
  -- code chạy thử: CALL `misa-learn-gd1`.proc_department_Update('"11d15295-2324-7403-261e-086412a8ea97"', 'DepartmentName = "Vinh KT", DepartmentCode = "D009"');
  PREPARE query FROM @query;
  EXECUTE query;
  DEALLOCATE PREPARE query;
END
$$

--
-- Create procedure `proc_department_Insert`
--
CREATE DEFINER = 'root'@'localhost'
PROCEDURE proc_department_Insert (IN v_Columns text, IN v_Values text)
COMMENT '-- Author:       VinhKT
  -- Created date:  15/09/2022
  -- Description:   thêm mới một phòng ban
  -- Modified by:
  '
BEGIN
  SET @query = CONCAT('INSERT INTO department ', v_Columns, ' VALUES ', v_Values);
  -- code chạy thử: CALL `misa-learn-gd1`.proc_department_Insert('(EmployeeID, EmployeeCode, FullName, DepartmentId)', '("11452b0c-768e-5ff7-0d63-eeb1d8ed8cef", "NV1234411", "vinh ", "11452b0c-768e-5ff7-0d63-eeb1d8ed8cef")');
  PREPARE query FROM @query;
  EXECUTE query;
  DEALLOCATE PREPARE query;
END
$$

--
-- Create procedure `proc_department_Duplicate`
--
CREATE DEFINER = 'root'@'localhost'
PROCEDURE proc_department_Duplicate ()
BEGIN

END
$$

DELIMITER ;

-- 
-- Dumping data for table position
--
INSERT INTO position VALUES
('35e773ea-5d44-2dda-26a8-6d513e380bde', ' P004 ', ' Giám đốc tài chính ', '2022-06-16 16:03:05', 'Nguyễn Minh Hiếu', '2022-05-10 18:26:07', 'Hoàng Minh Hoa'),
('3f8e6896-4c7d-15f5-a018-75d8bd200d7c', ' P007 ', ' Trưởng dự án ', '2021-02-09 02:13:43', 'Nguyễn Việt Thanh', '2020-11-05 03:34:19', 'Nguyễn Tuấn Trường'),
('45ac3d26-18f2-18a9-3031-644313fbb055', ' P003 ', ' Trưởng nhóm ', '2021-05-12 00:03:32', 'Hoàng Việt Tuấn', '2021-02-07 17:16:50', 'Trịnh Thị Mai'),
('647a538e-630d-39cd-0144-e5a214c15aa7', ' P006 ', ' Giám đốc tài chính ', '2021-02-23 10:00:56', 'Lê Minh Mai', '2020-09-19 09:40:10', 'Nguyễn Văn Mạnh'),
('6f45e010-3200-5943-27a8-6d513e380bde', 'P001 ', ' Giám đốc Marketing ', '2021-05-31 01:43:36', 'Nguyễn Ngọc Mạnh', '2019-06-11 00:15:15', 'Nguyễn Tuấn Trường'),
('75cce5a6-4f7f-3671-3cf3-eb0223d0a4f7', 'P009', 'Nhân viên', '2022-10-01 18:54:00', 'Admin', '2022-10-01 18:54:00', 'Admin'),
('78aafe4a-67a7-2076-3bf3-eb0223d0a4f7', ' P005 ', ' Giám đốc pháp chế ', '2022-03-01 00:27:29', 'Trân Thái Hương', '2022-01-15 18:33:22', 'Nguyễn Diễm Diễm'),
('7c48a057-3c21-3db0-06a4-60fcae00630c', ' P008 ', ' Giám đốc tài chính ', '2022-08-28 08:43:36', 'Trân Thị Hoa', '2020-02-26 06:57:15', 'Nguyễn Thị Ngọc'),
('7c4f14d8-66fb-14ae-198f-6354f958f4c0', 'P002', 'Chủ tịch', '2022-01-27 08:46:40', 'Nguyễn Minh Trường', '2022-02-02 14:43:18', 'Trân Thái Cường');

-- 
-- Dumping data for table department
--
INSERT INTO department VALUES
('11452b0c-768e-5ff7-0d63-eeb1d8ed8cef', 'D001 ', ' Phòng công nghệ thông tin ', '2019-06-21 01:13:51', 'Nguyễn Văn Hoàng', '2021-05-01 19:09:13', 'Nguyễn Minh Hương'),
('142cb08f-7c31-21fa-8e90-67245e8b283e', ' D007', ' Phòng truyền thông nội bộ ', '2019-02-21 00:07:13', 'Nguyễn Diễm Hân', '2020-06-15 00:00:04', 'Nguyễn Minh Thái'),
('17120d02-6ab5-3e43-18cb-66948daf6128', ' D005 ', ' Phòng marketing ', '2021-04-20 21:26:22', 'Mai Tuấn Thuận', '2021-06-30 22:37:22', 'Mai Ngọc Thái'),
('4577565a-7e3e-493a-74dd-867949feb8b5', ' D002 ', ' Phòng nhân sự ', '2020-04-23 18:21:49', 'Nguyễn Mai Linh', '2021-09-13 10:30:58', 'Nguyễn Văn Cường'),
('469b3ece-744a-45d5-957d-e8c757976496', ' D006 ', ' Phòng nghiên cứu và phát triển ', '2019-12-20 20:07:13', 'Nguyễn Ngọc Bằng', '2022-05-06 09:46:02', 'Võ Minh Thái'),
('4e272fc4-7875-78d6-7d32-6a1673ffca7c', ' D003 ', 'Phòng hành chính ', '2019-08-11 18:15:50', 'Mai Thị Loan', '2020-06-15 00:00:08', 'Bùi Thị Ly'),
('768f8e64-7d10-20c9-967d-e8c757976496', 'D004', 'Phòng kế toán', '2022-10-01 17:39:15', 'Admin', '2022-10-01 17:39:15', 'Admin');

-- 
-- Dumping data for table employee
--
INSERT INTO employee VALUES
('11a8748f-3464-740c-28c2-579daad24557', 'NV02', 'Mai Văn Thanh ', '2022-01-16 19:53:49', 'Nguyễn Tuấn Thuận ', '2021-01-01 00:08:32', 'Nguyễn Tuấn Cường ', 3, '1967-11-16 00:00:00', '(838) 048-5399', 'Kiefer@nowhere.com', '2526 West Pine Tree Highway, Diamond Building, Salt Lake City, Utah, 01418', '48859', '2015-01-01 00:00:03', NULL, '4577565a-7e3e-493a-74dd-867949feb8b5', '7c4f14d8-66fb-14ae-198f-6354f958f4c0', '28810', 'Hà Nội', 'TECH', '(127) 273-8561'),
('12693b29-274c-35ce-d11d-086412a8ea97', 'NV05', 'Bùi  Thị Giang', '2022-09-30 05:03:22', 'Trịnh Tuấn Bằng ', '2021-09-06 03:54:33', 'Nguyễn Văn Hiếu ', 3, '1999-06-15 00:00:00', '(982) 826-6553', 'Suggs@example.com', '319 Prospect Hill Blvd, Keith Bldg, Boise, Idaho, 76994', '22326', '2020-10-21 22:58:21', 'Hồ Chí Minh', '4577565a-7e3e-493a-74dd-867949feb8b5', '75cce5a6-4f7f-3671-3cf3-eb0223d0a4f7', '84373', 'Đà Nẵng', 'BIDV', '(262) 414-2776'),
('12e12a5c-6e3a-503a-d71d-086412a8ea97', 'NV227', 'Trân Văn Trường ', '2021-03-22 11:21:05', 'Nguyễn Tuấn Mạnh ', '2021-07-24 20:47:42', 'Nguyễn Thái Cường ', 2, '1963-08-17 00:00:00', '(900) 090-2262', 'PamulaD.Sena@example.com', '45 Hope Ct, 3rd Floor, Nashville, TN, 78959', '84633', '2015-01-01 00:00:06', 'Hồ Chí Minh', '142cb08f-7c31-21fa-8e90-67245e8b283e', '7c4f14d8-66fb-14ae-198f-6354f958f4c0', '10438', 'Hà Nội', 'TECH', '(640) 971-0739'),
('12e1b096-3542-127a-1077-d9ebc53aac3d', 'NV18', 'Võ Ngọc Cường ', '2022-07-29 11:26:32', 'Mai Ngọc Mạnh ', '2022-02-12 06:10:12', 'Nông Tuấn Trường ', 3, '1970-10-03 00:00:00', '(723) 311-9006', 'LambF@nowhere.com', '694 Hidden Ironwood Loop, Standard Bldg, Denver, CO, 06597', '80179', '2015-01-01 00:00:05', 'Hà Nội', '469b3ece-744a-45d5-957d-e8c757976496', '3f8e6896-4c7d-15f5-a018-75d8bd200d7c', '46213', 'Đà Nẵng', 'TECH', '(461) 201-6505'),
('13ede5b6-19dd-563e-1980-de64d090a2c2', 'NV018', 'Nguyễn Việt Trường ', '2021-10-05 11:41:33', 'Trân Tuấn Thanh ', '2022-03-08 03:42:18', 'Nguyễn Minh Thành ', 3, '1967-09-12 00:00:00', '(640) 849-9808', 'EdmundBenitez631@example.com', '605 White Rock Hill Lane, 86th Floor, Montpelier, VT, 67021', '67808', '2015-01-01 00:12:43', 'Đà Nẵng', '469b3ece-744a-45d5-957d-e8c757976496', '45ac3d26-18f2-18a9-3031-644313fbb055', '63877', 'Đà Nẵng', 'MB', '(201) 717-1066'),
('143e4110-751a-5474-1f80-de64d090a2c2', 'NV92', 'Nguyễn Thái Ngọc ', '2021-01-01 00:00:18', 'Hoàng Việt Cường ', '2022-01-01 11:26:34', 'Nguyễn Việt Anh ', 1, '1952-01-18 00:00:00', '(146) 915-5015', 'Noe_Damico@example.com', '256 Ashwood Way, Calyon Building, Tallahassee, Florida, 59203', '61712', '2019-01-27 16:50:27', 'Hà Nội', '4e272fc4-7875-78d6-7d32-6a1673ffca7c', '7c48a057-3c21-3db0-06a4-60fcae00630c', '39992', 'Hồ Chí Minh', 'BIDV', '(356) 602-6674'),
('14aa1334-3d35-32c4-30c2-579daad24557', 'NV129', 'Nguyễn Thái Minh ', NULL, 'Trịnh Việt Hiếu ', '2022-08-30 17:40:34', 'Lê  Thị Ngọc', NULL, NULL, NULL, NULL, NULL, '08452', '2015-01-01 00:00:01', 'Hồ Chí Minh', '17120d02-6ab5-3e43-18cb-66948daf6128', '7c48a057-3c21-3db0-06a4-60fcae00630c', '50237', 'Hồ Chí Minh', NULL, '(960) 483-3911'),
('1518ced5-6993-37f8-6180-7ed9d1ea06ea', 'NV213', 'Nguyễn Ngọc Minh ', '2021-01-01 00:00:01', 'Lê Ngọc Thuận ', '2021-11-25 11:16:41', 'Võ Ngọc Tuấn ', 3, '1952-01-01 00:00:00', '(762) 475-3143', 'MinhWord@nowhere.com', '415 Hidden Riddle Hill Loop, Enquirer Building, Baton Rouge, Louisiana, 20101', '67376', '2022-08-28 06:59:26', 'Đà Nẵng', '4e272fc4-7875-78d6-7d32-6a1673ffca7c', '78aafe4a-67a7-2076-3bf3-eb0223d0a4f7', '46559', 'Đà Nẵng', 'TECH', '(572) 067-3539'),
('156bb711-53c6-12ee-5d80-7ed9d1ea06ea', 'NV066', 'Nguyễn Minh Thái ', '2022-04-23 05:17:29', NULL, NULL, 'Bùi Văn Hiếu ', 2, '1955-12-02 00:00:00', '(614) 754-8875', 'Youngblood@example.com', '294 Front Pkwy, 1st Floor, Raleigh, North Carolina, 86160', '94261', '2015-01-01 00:00:36', 'Hà Nội', '4e272fc4-7875-78d6-7d32-6a1673ffca7c', NULL, '14104', NULL, 'TECH', NULL),
('15acfdfd-12d7-52f6-2777-d9ebc53aac3d', 'NV86', 'Lê Thái Thái ', '2022-01-09 04:48:59', NULL, NULL, 'Nguyễn Minh Hoàng ', 1, '1979-12-26 00:00:00', '(599) 150-5198', 'tsnttoue_pqfyd@example.com', '2746 Parkwood Parkway, 1st FL, Columbus, Ohio, 40088', '39744', '2019-02-13 00:49:22', NULL, '17120d02-6ab5-3e43-18cb-66948daf6128', '45ac3d26-18f2-18a9-3031-644313fbb055', '10471', NULL, 'AGRIBANK', NULL),
('1737c16a-1277-1be3-3bc2-579daad24557', 'NV003', 'Lê Thái Mạnh ', '2022-09-11 14:17:07', 'Võ Tuấn Trường ', '2022-01-21 00:24:47', 'Nguyễn Thái Thanh ', 1, '1972-03-19 00:00:00', '(529) 065-0726', 'AdolfoPence@example.com', '524 Ashwood Rd, Honolulu, HI, 20632', '82468', '2018-10-25 00:21:25', 'Đà Nẵng', '17120d02-6ab5-3e43-18cb-66948daf6128', '3f8e6896-4c7d-15f5-a018-75d8bd200d7c', '66776', 'Hồ Chí Minh', 'MB', '(699) 208-9963'),
('17872e95-3d24-6d1a-32c2-579daad24557', 'NV201', 'Mai Ngọc Thái ', '2021-12-31 21:34:54', 'Hoàng Tuấn Bằng ', '2022-09-13 09:48:31', 'Nguyễn Văn Ngọc ', 2, '1957-09-02 00:00:00', '(959) 390-1824', 'CharlesGrimm@example.com', '40 2nd Court, Plaza Building, Concord, NH, 76261', '57447', '2015-05-06 04:03:07', NULL, '768f8e64-7d10-20c9-967d-e8c757976496', '6f45e010-3200-5943-27a8-6d513e380bde', '87365', 'Hồ Chí Minh', 'TECH', '(586) 107-5937'),
('18baaac1-2b18-2317-b9d2-89b22d10517e', 'NV205', 'Nguyễn Thái Ngọc ', '2022-03-15 23:52:29', 'Bùi Tuấn Minh ', '2021-10-09 13:47:10', 'Nguyễn Minh Trường ', 2, '1979-10-30 00:00:00', '(494) 993-6629', 'Ruffin@nowhere.com', '2513 SW Pine Tree Parkway, 3rd FL, Tallahassee, FL, 28146', '69402', '2021-04-04 15:36:52', 'Đà Nẵng', '768f8e64-7d10-20c9-967d-e8c757976496', '7c48a057-3c21-3db0-06a4-60fcae00630c', '51870', 'Hồ Chí Minh', 'TECH', '(817) 337-1036'),
('18bbd5d8-6c2d-154c-bad2-89b22d10517e', 'NV17', 'Hoàng Minh Trường ', '2021-01-01 00:00:47', 'Nguyễn Minh Mạnh ', '2021-01-01 00:00:02', 'Nguyễn Tuấn Minh ', 1, '1952-02-16 00:00:00', '(205) 153-2362', 'Manson@example.com', '1920 1st Rd, Salt Lake City, UT, 46682', '92309', '2021-02-08 10:03:08', 'Hồ Chí Minh', '768f8e64-7d10-20c9-967d-e8c757976496', '7c4f14d8-66fb-14ae-198f-6354f958f4c0', '13613', 'Đà Nẵng', 'BIDV', '(360) 065-6315'),
('18d2ec1b-61c5-1896-2ec2-579daad24557', 'NV38', 'Bùi Văn Mạnh ', '2021-08-24 16:05:14', 'Võ Ngọc Mạnh ', '2022-10-21 19:37:56', 'Nguyễn Ngọc Anh ', 3, '1979-01-30 00:00:00', '(984) 718-0347', 'MayeAbrams@example.com', '1650 North Flintwood Hwy, 2nd FL, Cheyenne, WY, 88473', '65749', '2015-01-01 01:12:19', 'Đà Nẵng', '11452b0c-768e-5ff7-0d63-eeb1d8ed8cef', '78aafe4a-67a7-2076-3bf3-eb0223d0a4f7', '83724', 'Hồ Chí Minh', 'TECH', '(971) 919-4939'),
('1906737f-3aed-5704-1777-d9ebc53aac3d', 'NV070', 'Mai Thái Trường ', '2021-07-31 08:12:44', 'Hoàng Tuấn Thành ', '2021-09-09 03:00:57', 'Nông Ngọc Cường ', 1, '1994-03-23 00:00:00', '(591) 656-5652', 'Tomlin@nowhere.com', '338 Oak Drive, Suite 98, Honolulu, Hawaii, 79478', '69296', '2022-03-06 03:36:11', 'Đà Nẵng', '142cb08f-7c31-21fa-8e90-67245e8b283e', '45ac3d26-18f2-18a9-3031-644313fbb055', '16949', 'Hà Nội', 'MB', '(939) 201-1784'),
('19256041-7623-2834-6df6-423b4e874d0f', 'NV202', 'Nguyễn Thái Cường ', '2021-07-23 07:13:56', NULL, NULL, 'Võ Thái Thuận ', 1, '2000-05-06 00:00:00', '(721) 148-5318', 'BufordBills5@example.com', '2854 Old Pine Tree Ct, Santa Fe, New Mexico, 02584', '52060', '2020-11-02 07:30:54', 'Đà Nẵng', '4e272fc4-7875-78d6-7d32-6a1673ffca7c', '6f45e010-3200-5943-27a8-6d513e380bde', '64835', NULL, 'BIDV', NULL),
('192b3b9d-5e60-3b13-5b80-7ed9d1ea06ea', 'NV242', 'Nguyễn Việt Anh ', NULL, 'Nguyễn Tuấn Minh ', '2022-04-21 04:10:59', 'Mai Văn Mạnh ', NULL, NULL, NULL, NULL, NULL, '43126', '2019-08-11 06:54:22', 'Đà Nẵng', '142cb08f-7c31-21fa-8e90-67245e8b283e', '78aafe4a-67a7-2076-3bf3-eb0223d0a4f7', '59024', 'Đà Nẵng', NULL, '(836) 417-7588'),
('197fda97-5a35-781d-0e77-d9ebc53aac3d', 'NV09', 'Nguyễn Văn Ngọc ', NULL, 'Nông Minh Thái ', '2021-11-29 00:28:29', 'Nguyễn Tuấn Hiếu ', NULL, NULL, NULL, NULL, NULL, '96161', '2021-08-29 14:43:43', NULL, '768f8e64-7d10-20c9-967d-e8c757976496', '45ac3d26-18f2-18a9-3031-644313fbb055', '73323', 'Hà Nội', NULL, '(219) 687-2284'),
('1b05fdba-145b-7ab0-8d41-c1ec321fe728', 'NV126', 'Nguyễn Minh Hoàng ', '2021-03-07 20:52:38', 'Nguyễn Văn Thuận ', '2021-01-01 00:00:07', 'Nguyễn  Thị Loan', 1, '1988-02-03 00:00:00', '(868) 356-1349', 'Leslie_Grooms@nowhere.com', '2597 Prospect Hill Parkway, First Security Bldg, Montgomery, Alabama, 76580', '60069', '2021-01-21 01:30:58', NULL, '469b3ece-744a-45d5-957d-e8c757976496', '75cce5a6-4f7f-3671-3cf3-eb0223d0a4f7', '56821', 'Hà Nội', 'MB', '(680) 095-7183'),
('1b972dfb-67eb-5f25-39c2-579daad24557', 'NV67', 'Nguyễn Tuấn Bằng ', '2022-06-01 05:33:09', 'Nguyễn Minh Cường ', '2021-06-30 15:02:00', 'Nguyễn Việt Thành ', 1, '1982-01-04 00:00:00', '(138) 866-8157', 'Shondra.Bivins9@example.com', '2920 Town St, Baton Rouge, Louisiana, 67099', '08946', '2019-06-30 22:43:06', 'Hà Nội', '768f8e64-7d10-20c9-967d-e8c757976496', '7c48a057-3c21-3db0-06a4-60fcae00630c', '37549', 'Hà Nội', 'BIDV', '(849) 030-1407'),
('1ca4f185-7203-2a84-40c2-579daad24557', 'NV147', 'Nguyễn Văn Hoàng ', NULL, 'Nguyễn Ngọc Mạnh ', '2021-10-24 02:21:01', NULL, NULL, NULL, NULL, NULL, NULL, '93039', NULL, NULL, '142cb08f-7c31-21fa-8e90-67245e8b283e', '75cce5a6-4f7f-3671-3cf3-eb0223d0a4f7', '71839', 'Hà Nội', NULL, '(849) 699-4708'),
('1d05a704-5376-15ba-1477-d9ebc53aac3d', 'NV0', 'Nguyễn Ngọc Tuấn ', '2022-02-16 18:55:06', 'Nguyễn Minh Trường ', '2022-10-19 15:29:00', 'Nguyễn Việt Mạnh ', 1, '1974-03-14 00:00:00', '(517) 598-5479', 'Calkins615@example.com', '3001 West Ski Hill Way, Buhl Building, Topeka, Kansas, 91545', '28523', '2020-12-14 04:51:35', 'Đà Nẵng', '11452b0c-768e-5ff7-0d63-eeb1d8ed8cef', '75cce5a6-4f7f-3671-3cf3-eb0223d0a4f7', '33975', 'Đà Nẵng', 'MB', '(142) 867-8091'),
('1e5ce342-2eec-79a4-5380-7ed9d1ea06ea', 'NV210', 'Trân Thái Thuận ', '2021-12-03 20:03:55', 'Nguyễn Tuấn Mạnh ', '2022-06-07 16:08:55', 'Nguyễn Việt Trường ', 2, '1968-06-16 00:00:00', '(621) 665-4133', 'VellaOlivo14@example.com', '182 Hidden Market Pkwy, Salt Lake City, Utah, 81196', '11583', '2021-09-13 09:02:21', 'Đà Nẵng', '142cb08f-7c31-21fa-8e90-67245e8b283e', '6f45e010-3200-5943-27a8-6d513e380bde', '17620', 'Hà Nội', 'TECH', '(132) 928-8905'),
('1e5e96fa-5d7a-599d-27c2-579daad24557', 'NV250', 'Nguyễn Ngọc Hiếu ', '2021-03-26 08:08:47', 'Nguyễn Tuấn Hương ', '2021-01-01 00:08:53', 'Nguyễn Thái Tuấn ', 1, '1962-03-06 00:00:00', '(537) 222-1190', 'Ron.Irish@example.com', '94 North Chapel Hill Pkwy, APT 436, Frankfort, Kentucky, 94314', '39121', '2017-11-01 19:22:59', 'Hồ Chí Minh', '142cb08f-7c31-21fa-8e90-67245e8b283e', NULL, '64201', 'Hồ Chí Minh', 'ACB', '(730) 123-8017'),
('1f85f165-3ed3-370a-b7d2-89b22d10517e', 'NV12', 'Hoàng  Minh Hường', '2021-01-01 00:14:28', 'Nguyễn Ngọc Hiếu ', '2022-08-16 00:30:32', 'Nguyễn Tuấn Ngọc ', 2, '1954-05-17 00:00:00', '(244) 448-4768', 'FriedaAbreu99@example.com', '1179 North Mountain Hwy, Des Moines, Iowa, 27520', '29903', '2015-01-01 00:00:02', 'Hà Nội', '469b3ece-744a-45d5-957d-e8c757976496', NULL, '58769', 'Hà Nội', 'MB', '(509) 286-4139'),
('1f88699a-3e19-718a-d81d-086412a8ea97', 'NV211', 'Võ  Thị Loan', '2021-03-19 15:55:00', 'Nguyễn Văn Cường ', '2021-03-01 05:44:06', 'Nguyễn Tuấn Tuấn ', 3, '2001-03-28 00:00:00', '(625) 554-3495', 'AdelaK_Clawson322@example.com', '1029 Rushwood Ln, Keith Building, Annapolis, Maryland, 65236', '94218', '2018-02-26 07:03:40', 'Hồ Chí Minh', '17120d02-6ab5-3e43-18cb-66948daf6128', '647a538e-630d-39cd-0144-e5a214c15aa7', '46345', 'Đà Nẵng', 'BIDV', '(494) 747-7125'),
('1fbf8e6f-17d3-6a04-2180-de64d090a2c2', 'NV012', 'Nguyễn Minh Hương ', '2021-01-01 00:00:41', 'Trịnh Minh Thuận ', '2021-09-20 11:55:13', 'Nông Minh Mạnh ', 3, '1952-02-10 00:00:00', '(734) 736-0536', 'May@nowhere.com', '277 S Deepwood Way, Juneau, Alaska, 19493', '03180', '2015-01-01 01:41:18', 'Hà Nội', '4e272fc4-7875-78d6-7d32-6a1673ffca7c', '7c48a057-3c21-3db0-06a4-60fcae00630c', '40550', 'Hồ Chí Minh', 'BIDV', '(103) 500-3196'),
('1fecd07f-2488-638c-8141-c1ec321fe728', 'NV095', 'Nguyễn Việt Bằng ', '2021-05-19 08:25:09', 'Trân Thái Tuấn ', '2022-06-06 20:29:34', 'Nguyễn Minh Trường ', 3, '1991-03-18 00:00:00', '(657) 216-0159', 'Abney@example.com', '2094 N Pine Tree Circle, Frankfort, Kentucky, 59405', '04309', '2020-02-18 02:26:48', NULL, '4e272fc4-7875-78d6-7d32-6a1673ffca7c', '647a538e-630d-39cd-0144-e5a214c15aa7', '98417', 'Đà Nẵng', 'ACB', '(341) 242-8827'),
('201b9639-5997-303c-5880-7ed9d1ea06ea', 'NV093', 'Nguyễn Ngọc Mạnh ', '2022-06-10 15:27:25', NULL, NULL, 'Hoàng Thái Minh ', 3, '1989-11-10 00:00:00', '(151) 534-0085', 'Wagner@example.com', '202 White Buttonwood Court, Bartlett Bldg, Helena, MT, 95104', '83449', '2015-02-28 23:17:38', NULL, '4e272fc4-7875-78d6-7d32-6a1673ffca7c', '35e773ea-5d44-2dda-26a8-6d513e380bde', '90568', NULL, 'ACB', NULL),
('2107e2a5-49f8-237b-5780-7ed9d1ea06ea', 'NV246', 'Trịnh  Thị Linh', NULL, 'Mai Tuấn Bằng ', '2022-10-13 15:22:11', 'Trân Tuấn Cường ', NULL, NULL, NULL, NULL, NULL, '66765', '2022-10-07 20:35:57', 'Đà Nẵng', '768f8e64-7d10-20c9-967d-e8c757976496', '7c48a057-3c21-3db0-06a4-60fcae00630c', '55976', 'Hồ Chí Minh', NULL, '(252) 701-4448'),
('212a5f62-4eb8-203c-4035-0028ed526dd0', 'NV184', 'Nguyễn Ngọc Minh ', '2022-02-27 18:00:39', 'Trịnh Minh Anh ', '2021-06-29 06:24:16', 'Trân Ngọc Anh ', 1, '1981-02-13 00:00:00', '(191) 320-3421', 'KingCarter@example.com', '702 NW Buttonwood Lane, Standard Bldg, Tallahassee, Florida, 84459', '83407', '2022-04-12 13:19:03', 'Hồ Chí Minh', '768f8e64-7d10-20c9-967d-e8c757976496', '647a538e-630d-39cd-0144-e5a214c15aa7', '39213', 'Đà Nẵng', 'BIDV', '(294) 737-9814'),
('21ae5078-5e68-3790-6af6-423b4e874d0f', 'NV207', 'Trịnh Thái Hiếu ', '2022-07-17 16:21:51', 'Nguyễn Tuấn Hiếu ', '2022-02-14 13:17:40', 'Nguyễn Tuấn Mạnh ', 1, '1976-03-28 00:00:00', '(357) 250-9278', 'Hamblin72@nowhere.com', '1348 Red Rushwood Drive, Bartlett Building, Cheyenne, WY, 16575', '64077', '2016-06-30 22:23:49', 'Hồ Chí Minh', '11452b0c-768e-5ff7-0d63-eeb1d8ed8cef', '45ac3d26-18f2-18a9-3031-644313fbb055', '09234', 'Đà Nẵng', 'TECH', '(788) 673-0334'),
('22732821-2015-1da3-4335-0028ed526dd0', 'NV069', 'Lê Văn Thành ', '2021-01-01 01:40:32', NULL, NULL, 'Nguyễn Tuấn Trường ', 1, '1968-07-06 00:00:00', '(543) 341-3959', 'irylvc2@nowhere.com', '3145 Rose Hill Blvd, Sacramento, CA, 43997', '97256', '2016-03-15 19:08:09', 'Đà Nẵng', '469b3ece-744a-45d5-957d-e8c757976496', '45ac3d26-18f2-18a9-3031-644313fbb055', '85375', NULL, 'TECH', NULL),
('22bba567-6206-6bf1-0c35-60b3ebf808a9', 'NV048', 'Nguyễn Minh Tuấn ', '2021-08-26 17:26:04', 'Võ Việt Anh ', '2022-08-26 02:28:30', 'Trịnh Việt Tuấn ', 3, '1998-03-30 00:00:00', '(442) 458-4095', 'Abraham@example.com', '3257 91th Highway, 2nd Floor, Lansing, MI, 78192', '19365', '2021-07-11 21:22:41', 'Hồ Chí Minh', '142cb08f-7c31-21fa-8e90-67245e8b283e', NULL, '37291', 'Đà Nẵng', 'ACB', '(333) 055-2509'),
('22df58b0-55d2-6108-2480-de64d090a2c2', 'NV32', 'Nguyễn Ngọc Minh ', '2021-05-10 00:11:17', 'Nguyễn Việt Thanh ', '2022-03-30 02:31:39', 'Nguyễn Văn Tuấn ', 2, '1987-11-21 00:00:00', '(469) 814-3905', 'ShelbyBoisvert7@example.com', '3136 South Sharp Hill Hwy, Judge Bldg, Salt Lake City, Utah, 12163', '18384', '2022-04-14 09:33:04', 'Đà Nẵng', '4e272fc4-7875-78d6-7d32-6a1673ffca7c', '35e773ea-5d44-2dda-26a8-6d513e380bde', '22988', 'Hà Nội', 'MB', '(842) 986-5023'),
('22f0091b-523a-6c8e-4c35-0028ed526dd0', 'NV103', 'Nguyễn Minh Minh ', NULL, 'Võ Minh Thanh ', '2021-01-01 00:00:32', NULL, NULL, NULL, NULL, NULL, NULL, '93085', NULL, NULL, '4577565a-7e3e-493a-74dd-867949feb8b5', '647a538e-630d-39cd-0144-e5a214c15aa7', '67181', 'Hồ Chí Minh', NULL, '(887) 711-7298'),
('233d36ab-4bd0-431e-78f6-423b4e874d0f', 'NV038', 'Bùi Việt Tuấn ', '2021-01-01 00:58:21', 'Nguyễn Tuấn Thanh ', '2022-07-31 18:47:04', NULL, 2, '1961-08-01 00:00:00', '(373) 371-4835', 'Aguirre2@example.com', '10 SE Oak Road, Hartford, CT, 55783', '18107', NULL, NULL, '469b3ece-744a-45d5-957d-e8c757976496', '7c48a057-3c21-3db0-06a4-60fcae00630c', '33879', 'Đà Nẵng', 'TECH', '(600) 257-9700'),
('234865cb-5d80-7244-70f6-423b4e874d0f', 'NV146', 'Nguyễn Việt Hương ', '2021-01-01 00:05:27', 'Hoàng Ngọc Anh ', '2021-01-01 00:33:05', 'Nông Thái Anh ', 3, '1952-11-22 00:00:00', '(875) 968-7001', 'Alfreda.B_Rohr@example.com', '948 North Ironwood Ct, Superior Bldg, Phoenix, Arizona, 39991', '19150', '2015-01-01 00:01:37', 'Đà Nẵng', '469b3ece-744a-45d5-957d-e8c757976496', '35e773ea-5d44-2dda-26a8-6d513e380bde', '33635', 'Hồ Chí Minh', 'BIDV', '(208) 467-0269'),
('2356a2d8-7751-6f97-66f6-423b4e874d0f', 'NV3', 'Nguyễn  Thị Ly', '2022-02-26 10:05:16', 'Trịnh Văn Hương ', '2021-01-01 02:03:38', 'Nguyễn Thái Bằng ', 1, '1958-01-06 00:00:00', '(361) 203-3649', 'Abel5@example.com', '2130 White Mountain Street, First Security Bldg, Indianapolis, Indiana, 45948', '45399', '2016-10-09 20:58:10', 'Hà Nội', '142cb08f-7c31-21fa-8e90-67245e8b283e', '6f45e010-3200-5943-27a8-6d513e380bde', '40587', 'Hà Nội', 'MB', '(140) 048-2558'),
('237092c3-5684-7bb6-0a35-60b3ebf808a9', 'NV135', 'Nguyễn Văn Thái ', '2022-10-11 19:28:28', 'Nguyễn Minh Cường ', '2021-05-30 03:33:36', NULL, 3, '1999-08-06 00:00:00', '(516) 181-7250', 'Laurence_Tiller173@example.com', '2691 West Flintwood Loop, Buhl Bldg, Augusta, ME, 36849', '02640', NULL, NULL, '11452b0c-768e-5ff7-0d63-eeb1d8ed8cef', '75cce5a6-4f7f-3671-3cf3-eb0223d0a4f7', '97928', 'Hà Nội', 'ACB', '(641) 708-3664'),
('244b1b16-56fc-1f92-73f6-423b4e874d0f', 'NV171', 'Trân Ngọc Hương ', '2021-01-01 00:00:05', 'Nguyễn Thái Trường ', '2021-01-01 01:46:50', 'Trân  Mai Ngọc', 1, '1952-01-05 00:00:00', '(881) 704-7348', 'Buck@nowhere.com', '887 Bayview Ct, Trenton, NJ, 23578', '38281', '2015-01-01 00:01:01', NULL, '142cb08f-7c31-21fa-8e90-67245e8b283e', '78aafe4a-67a7-2076-3bf3-eb0223d0a4f7', '03322', 'Hồ Chí Minh', 'MB', '(504) 738-3875'),
('255b28ba-2177-6baf-0835-60b3ebf808a9', 'NV225', 'Trân Minh Anh ', '2021-01-21 23:51:22', 'Nguyễn Thái Trường ', '2021-02-12 05:26:55', 'Nguyễn Việt Mạnh ', 1, '1998-11-09 00:00:00', '(686) 136-2549', 'Dollar@nowhere.com', '3058 Chapel Hill Street, First Security Building, Dover, Delaware, 62835', '23552', '2018-04-04 08:10:24', NULL, '4e272fc4-7875-78d6-7d32-6a1673ffca7c', '7c4f14d8-66fb-14ae-198f-6354f958f4c0', '94030', 'Hà Nội', 'TECH', '(863) 451-2044'),
('26942456-25a8-5ec2-8b41-c1ec321fe728', 'NV094', 'Nguyễn Minh Bằng ', '2021-04-10 22:22:09', 'Hoàng Thái Ngọc ', '2021-06-11 05:25:11', 'Nguyễn Việt Minh ', 3, '1999-01-26 00:00:00', '(273) 957-4950', 'Alvarez39@example.com', '1580 North Church Lane, Des Moines, IA, 78499', '28524', '2019-05-11 22:36:34', NULL, '11452b0c-768e-5ff7-0d63-eeb1d8ed8cef', '647a538e-630d-39cd-0144-e5a214c15aa7', '41320', 'Hà Nội', 'TECH', '(884) 177-2352'),
('27e60da2-385e-6804-8441-c1ec321fe728', 'NV7', 'Mai Thái Anh ', '2021-01-01 00:15:45', 'Nguyễn Việt Thanh ', '2021-01-01 00:00:03', 'Nông Ngọc Trường ', 3, '1954-08-02 00:00:00', '(692) 189-7138', 'Abel_Stratton@example.com', '288 Chapel Hill Lane, Kearns Bldg, Salem, OR, 18010', '45326', '2016-12-26 13:13:28', NULL, '4e272fc4-7875-78d6-7d32-6a1673ffca7c', '35e773ea-5d44-2dda-26a8-6d513e380bde', '62914', 'Đà Nẵng', 'TECH', '(521) 753-2348'),
('2872c174-68d3-29c1-4935-0028ed526dd0', 'NV053', 'Nguyễn  Thị Hân', '2021-12-12 13:08:57', 'Mai Văn Hương ', '2022-03-11 12:29:46', 'Nguyễn Minh Hiếu ', 3, '1952-03-17 00:00:00', '(931) 045-6104', 'AndyAmmons@example.com', '3765 Riddle Hill Avenue, Fisher Bldg, Boise, ID, 26582', '34699', '2018-04-28 20:52:43', NULL, '11452b0c-768e-5ff7-0d63-eeb1d8ed8cef', '78aafe4a-67a7-2076-3bf3-eb0223d0a4f7', '34011', 'Hà Nội', 'ACB', '(317) 112-2910'),
('28a16581-1fd1-546b-1677-d9ebc53aac3d', 'NV04', 'Nguyễn Tuấn Cường ', '2021-02-08 06:01:21', 'Bùi Minh Anh ', '2021-02-16 05:27:55', 'Nông Minh Thái ', 3, '1958-10-01 00:00:00', '(408) 482-4021', 'Marge.Kee32@example.com', '553 SW Hazelwood Circle, Superior Building, Pierre, South Dakota, 07128', '62308', '2021-04-29 20:33:46', 'Hồ Chí Minh', '11452b0c-768e-5ff7-0d63-eeb1d8ed8cef', '75cce5a6-4f7f-3671-3cf3-eb0223d0a4f7', '06858', 'Hà Nội', 'MB', '(614) 246-8082'),
('28cd1599-63bf-785f-4f80-7ed9d1ea06ea', 'NV254', 'Trân Thái Thành ', '2021-04-09 10:37:52', 'Nguyễn Thái Thành ', '2022-02-10 00:08:54', 'Nguyễn Văn Cường ', 1, '1994-02-05 00:00:00', '(967) 582-3086', 'Barr@nowhere.com', '646 SE Ironwood Avenue, Little Rock, Arkansas, 83249', '43675', '2019-04-28 10:33:56', 'Hà Nội', '469b3ece-744a-45d5-957d-e8c757976496', '647a538e-630d-39cd-0144-e5a214c15aa7', '83127', 'Hà Nội', 'ACB', '(784) 105-7292'),
('2afb2146-430d-394b-3d35-0028ed526dd0', 'NV112', 'Hoàng Ngọc Thanh ', '2021-01-01 00:01:02', 'Nông Việt Hiếu ', '2021-01-25 10:51:05', 'Nguyễn Minh Cường ', 2, '1952-03-02 00:00:00', '(584) 346-1791', 'Tackett@example.com', '2158 South Hazelwood Highway, Duke Energy Building, Hartford, Connecticut, 46929', '01253', '2017-01-24 05:33:08', 'Hồ Chí Minh', '4577565a-7e3e-493a-74dd-867949feb8b5', '35e773ea-5d44-2dda-26a8-6d513e380bde', '49011', 'Hà Nội', 'TECH', '(120) 921-7713'),
('2bd927cf-7faf-452e-4535-0028ed526dd0', 'NV212', 'Lê Thái Ngọc ', NULL, 'Nguyễn Văn Hương ', '2021-01-14 08:26:11', 'Nguyễn Thái Anh ', NULL, NULL, NULL, NULL, NULL, '08550', '2015-01-01 00:00:39', 'Đà Nẵng', '17120d02-6ab5-3e43-18cb-66948daf6128', '647a538e-630d-39cd-0144-e5a214c15aa7', '13788', 'Hà Nội', NULL, '(690) 828-8278'),
('2c06d3cb-7ef7-4462-5e80-7ed9d1ea06ea', 'NV88', 'Bùi Ngọc Ngọc ', '2022-01-08 07:33:41', 'Nông Tuấn Anh ', '2021-07-30 08:07:14', NULL, 3, '1991-07-23 00:00:00', '(313) 706-9352', 'Abrams42@nowhere.com', '1301 Woodbridge Lane, Keith Bldg, Phoenix, Arizona, 01574', '92187', NULL, NULL, '142cb08f-7c31-21fa-8e90-67245e8b283e', NULL, '18731', 'Đà Nẵng', 'ACB', '(376) 326-4084'),
('2c380a42-1611-28c2-3ac2-579daad24557', 'NV208', 'Nguyễn  Minh Hoa', '2021-01-01 00:06:12', 'Trân Minh Minh ', '2022-02-20 11:12:30', 'Lê Việt Thái ', 1, '1953-01-06 00:00:00', '(507) 763-0863', 'JeannineAli@example.com', '3318 Red Riverview Road, Frankfort, KY, 49122', '41131', '2019-10-08 17:51:51', 'Hà Nội', '17120d02-6ab5-3e43-18cb-66948daf6128', '6f45e010-3200-5943-27a8-6d513e380bde', '86148', 'Hồ Chí Minh', 'BIDV', '(457) 935-6953'),
('2efc0ff3-37c0-286f-bbd2-89b22d10517e', 'NV062', 'Trịnh Thái Ngọc ', '2021-01-01 00:00:12', 'Nguyễn Tuấn Mạnh ', '2021-08-12 15:38:08', 'Lê Minh Anh ', 1, '1952-01-12 00:00:00', '(168) 173-2252', 'ErasmoA_Armenta@nowhere.com', '3503 SW Stonewood Parkway, 2nd Floor, Santa Fe, New Mexico, 90595', '49959', '2020-10-04 19:41:11', 'Đà Nẵng', '17120d02-6ab5-3e43-18cb-66948daf6128', '647a538e-630d-39cd-0144-e5a214c15aa7', '70303', 'Đà Nẵng', 'AGRIBANK', '(364) 248-7208'),
('2f43fc9d-1f7a-25fc-5280-7ed9d1ea06ea', 'NV037', 'Hoàng Minh Mạnh ', '2022-06-17 16:00:25', 'Nguyễn Thái Trường ', '2021-01-01 02:04:26', 'Trân Tuấn Mạnh ', 3, '1978-02-23 00:00:00', '(340) 205-9308', 'Arthur@example.com', '1761 Front Lane, Salt Lake City, Utah, 70320', '75456', '2022-02-05 13:29:07', NULL, '11452b0c-768e-5ff7-0d63-eeb1d8ed8cef', '7c4f14d8-66fb-14ae-198f-6354f958f4c0', '62140', 'Hà Nội', 'ACB', '(642) 511-0916'),
('2f4cc91d-6f13-4b4c-1c80-de64d090a2c2', 'NV203', 'Hoàng Việt Tuấn ', '2022-07-02 00:33:37', 'Mai Ngọc Thành ', '2021-01-01 00:01:24', 'Nguyễn Thái Tuấn ', 1, '1970-09-11 00:00:00', '(821) 104-7434', 'Jeffery_Nieves@example.com', '2426 Rose Hill Lane, MidAmerican Bldg, Tallahassee, FL, 95213', '09328', '2017-06-23 00:11:39', 'Hà Nội', '768f8e64-7d10-20c9-967d-e8c757976496', '75cce5a6-4f7f-3671-3cf3-eb0223d0a4f7', '26687', 'Hồ Chí Minh', 'BIDV', '(961) 894-6582'),
('2fde0921-432c-64c5-0935-60b3ebf808a9', 'NV42', 'Nguyễn Ngọc Trường ', '2021-12-31 02:10:47', 'Nguyễn Tuấn Mạnh ', '2022-02-04 00:49:22', 'Hoàng Ngọc Ngọc ', 1, '1962-08-10 00:00:00', '(197) 929-0604', 'Crabtree@example.com', '3064 E Riddle Hill Lane, MidAmerican Building, Cheyenne, WY, 07653', '51092', '2022-09-29 07:44:02', 'Đà Nẵng', '11452b0c-768e-5ff7-0d63-eeb1d8ed8cef', NULL, '52756', 'Đà Nẵng', 'BIDV', '(475) 541-6332'),
('31ae1818-7baf-1872-1e77-d9ebc53aac3d', 'NV133', 'Hoàng  Thị Linh', '2021-04-01 02:03:32', 'Nguyễn Ngọc Trường ', '2022-07-17 10:31:36', 'Võ Văn Cường ', 1, '1990-12-03 00:00:00', '(114) 310-1255', 'Baughman@nowhere.com', '3651 Riverview Loop, Dover, DE, 99432', '28209', '2015-01-01 00:00:50', 'Đà Nẵng', '11452b0c-768e-5ff7-0d63-eeb1d8ed8cef', NULL, '18052', 'Hồ Chí Minh', 'AGRIBANK', '(292) 894-8878'),
('322105dd-142f-392d-2fc2-579daad24557', 'NV169', 'Hoàng Việt Thuận ', '2022-02-01 15:33:33', 'Nông Ngọc Trường ', '2021-02-04 14:19:05', 'Lê Thái Thành ', 1, '1977-06-07 00:00:00', '(357) 642-4465', 'ErnestBelanger@nowhere.com', '2340 Hidden Pine Tree Ct, Raleigh, North Carolina, 67129', '42590', '2015-01-01 00:00:01', 'Đà Nẵng', '469b3ece-744a-45d5-957d-e8c757976496', '78aafe4a-67a7-2076-3bf3-eb0223d0a4f7', '09788', 'Đà Nẵng', 'MB', '(733) 781-6354'),
('324ac33a-77c5-13a5-0535-60b3ebf808a9', 'NV116', 'Lê Ngọc Trường ', '2021-02-07 07:39:53', 'Nông Việt Trường ', '2022-02-12 09:01:40', 'Võ Việt Thanh ', 3, '1958-05-27 00:00:00', '(908) 776-3850', 'awpq00@example.com', '76 New Fox Hill Loop, Victor Executive Bldg, Denver, CO, 55447', '35768', '2015-01-01 00:06:57', 'Hồ Chí Minh', '4577565a-7e3e-493a-74dd-867949feb8b5', NULL, '02850', 'Hà Nội', 'MB', '(751) 202-2475'),
('329b5332-34e3-1ae4-6ef6-423b4e874d0f', 'NV136', 'Nguyễn Ngọc Thái ', '2021-03-02 18:47:18', 'Nguyễn Tuấn Trường ', '2021-03-19 01:48:12', 'Nông Văn Thuận ', 1, '1971-12-10 00:00:00', '(298) 241-4911', 'Abel@nowhere.com', '2469 New Buttonwood Way, Madison, Wisconsin, 59650', '26061', '2015-01-01 00:15:28', 'Đà Nẵng', '11452b0c-768e-5ff7-0d63-eeb1d8ed8cef', '647a538e-630d-39cd-0144-e5a214c15aa7', '07389', 'Hồ Chí Minh', 'MB', '(401) 962-1305'),
('32d33559-61a5-4afd-d91d-086412a8ea97', 'NV51', 'Nguyễn Minh Tuấn ', '2022-01-28 13:59:16', 'Nguyễn Ngọc Cường ', '2022-07-26 13:47:04', NULL, 3, '1992-07-08 00:00:00', '(770) 969-7554', 'Atwell@example.com', '169 S Church Ln, Comcast Building, Annapolis, MD, 97757', '79920', NULL, NULL, '17120d02-6ab5-3e43-18cb-66948daf6128', '75cce5a6-4f7f-3671-3cf3-eb0223d0a4f7', '76743', 'Hồ Chí Minh', 'ACB', '(266) 033-3251'),
('3304dddb-1b72-607f-25c2-579daad24557', 'NV11', 'Nguyễn Ngọc Hương ', '2021-07-15 15:11:31', 'Lê  Thị Diễm', '2022-08-08 16:56:48', 'Nông Thái Cường ', 2, '1980-01-16 00:00:00', '(951) 501-9191', 'Conrad_Frizzell61@example.com', '1388 Parkwood Loop, STE 31, Lansing, Michigan, 24438', '56857', '2022-03-30 04:15:06', 'Hà Nội', '17120d02-6ab5-3e43-18cb-66948daf6128', '75cce5a6-4f7f-3671-3cf3-eb0223d0a4f7', '31170', 'Hà Nội', 'BIDV', '(141) 952-2282'),
('337faf61-662b-461a-69f6-423b4e874d0f', 'NV220', 'Nguyễn Thái Thành ', '2021-02-02 15:30:14', 'Trân Ngọc Thuận ', '2021-02-26 09:14:07', 'Nguyễn Việt Mạnh ', 3, '1968-04-15 00:00:00', '(915) 124-2175', 'Joseph.Trapp@example.com', '1959 Mount Cir, Diamond Bldg, Santa Fe, New Mexico, 09699', '67329', '2022-07-27 08:59:12', NULL, '4577565a-7e3e-493a-74dd-867949feb8b5', '45ac3d26-18f2-18a9-3031-644313fbb055', '98422', 'Đà Nẵng', 'TECH', '(280) 678-8587'),
('33ec4fea-4c03-3191-3ec2-579daad24557', 'NV81', 'Mai Tuấn Bằng ', '2022-07-03 10:03:43', 'Nguyễn Ngọc Tuấn ', '2022-09-10 06:40:46', 'Nguyễn Minh Bằng ', 1, '1998-11-07 00:00:00', '(229) 609-2563', 'Celina.Halcomb@example.com', '16 Rockwood Hwy, Cheyenne, Wyoming, 26463', '55439', '2020-01-25 05:23:25', 'Đà Nẵng', '17120d02-6ab5-3e43-18cb-66948daf6128', '35e773ea-5d44-2dda-26a8-6d513e380bde', '19221', 'Hồ Chí Minh', 'BIDV', '(865) 125-1017'),
('34d0e3b5-6d5f-1fd7-0635-60b3ebf808a9', 'NV1', 'Nguyễn Thái Tuấn ', '2021-01-01 00:00:02', 'Nguyễn Ngọc Thuận ', '2021-01-01 00:00:51', NULL, 3, '1952-01-02 00:00:00', '(551) 003-4539', 'Goff@example.com', '1142 NW Sharp Hill Hwy, Macy''s Bldg, Saint Paul, Minnesota, 23027', '04077', NULL, NULL, '17120d02-6ab5-3e43-18cb-66948daf6128', '78aafe4a-67a7-2076-3bf3-eb0223d0a4f7', '16590', 'Đà Nẵng', 'ACB', '(107) 699-8677'),
('350cf027-3245-532d-bcd2-89b22d10517e', 'NV94', 'Nguyễn Ngọc Cường ', '2021-01-01 00:00:10', 'Nguyễn Ngọc Tuấn ', '2021-10-18 11:09:34', 'Lê  Thị Loan', 3, '1952-01-10 00:00:00', '(614) 935-9421', 'GalenPino@example.com', '117 Mountain Cir, Denver, Colorado, 70835', '53526', '2019-07-14 17:23:21', 'Đà Nẵng', '11452b0c-768e-5ff7-0d63-eeb1d8ed8cef', '7c4f14d8-66fb-14ae-198f-6354f958f4c0', '31505', 'Hà Nội', 'BIDV', '(236) 542-6365'),
('35c3a053-254d-33f3-1b80-de64d090a2c2', 'NV042', 'Trân Việt Mạnh ', '2021-08-01 15:09:22', 'Võ Thái Thái ', '2021-01-01 00:09:09', 'Hoàng Ngọc Cường ', 1, '1975-07-10 00:00:00', '(576) 204-9105', 'Duval@example.com', '316 Church Blvd, Juneau, AK, 41935', '91056', '2015-01-01 00:00:54', NULL, '17120d02-6ab5-3e43-18cb-66948daf6128', '647a538e-630d-39cd-0144-e5a214c15aa7', '50419', 'Hà Nội', 'AGRIBANK', '(865) 330-2737'),
('35ec2e7b-17b3-1b63-6080-7ed9d1ea06ea', 'NV77', 'Trân Ngọc Cường ', '2021-11-15 19:21:04', 'Nguyễn Văn Hương ', '2022-07-27 00:53:15', 'Mai Tuấn Anh ', 3, '1980-04-29 00:00:00', '(971) 246-4940', 'AnnamarieKeen26@nowhere.com', '1963 NW Highland Cir, Keith Bldg, Helena, MT, 55913', '13022', '2016-07-06 04:31:56', 'Hồ Chí Minh', '4e272fc4-7875-78d6-7d32-6a1673ffca7c', NULL, '98352', 'Hà Nội', 'AGRIBANK', '(571) 156-4053'),
('360bd1e4-7bbf-3971-d41d-086412a8ea97', 'NV15', 'Bùi Thái Anh ', '2022-10-21 03:47:58', 'Nguyễn Minh Anh ', '2021-01-01 00:01:09', 'Nguyễn Minh Thuận ', 3, '1971-03-26 00:00:00', '(185) 010-8265', 'Peek@example.com', '81 Hunting Hill Parkway, 2nd Floor, Madison, WI, 09520', '03129', '2015-01-01 00:09:31', 'Hà Nội', '17120d02-6ab5-3e43-18cb-66948daf6128', '3f8e6896-4c7d-15f5-a018-75d8bd200d7c', '57622', 'Đà Nẵng', 'ACB', '(904) 762-4555'),
('36ac2df8-2b1e-368f-cc1d-086412a8ea97', 'NV177', 'Nguyễn Thái Trường ', '2022-08-12 19:11:53', 'Nguyễn Tuấn Hương ', '2021-01-01 00:04:54', 'Nguyễn Việt Thuận ', 2, '1956-04-10 00:00:00', '(236) 929-0143', 'ktercnnp_okcisx@example.com', '3543 Rockwood Way, Bartlett Building, Santa Fe, NM, 74100', '69493', '2018-10-13 04:55:13', 'Hà Nội', '4577565a-7e3e-493a-74dd-867949feb8b5', '7c4f14d8-66fb-14ae-198f-6354f958f4c0', '41347', 'Hà Nội', 'MB', '(434) 214-4385'),
('3738ce93-1661-5628-2cc2-579daad24557', 'NV072', 'Nguyễn Ngọc Thành ', '2022-09-05 16:49:17', 'Võ Minh Cường ', '2021-01-01 00:00:44', 'Trân Việt Thái ', 1, '1967-11-20 00:00:00', '(205) 787-0309', 'wawwcqng.wmbvidy@example.com', '1495 Rose Hill Rd, Guardian Building, Salem, OR, 07561', '61226', '2015-01-01 00:05:05', NULL, '142cb08f-7c31-21fa-8e90-67245e8b283e', '78aafe4a-67a7-2076-3bf3-eb0223d0a4f7', '70974', 'Đà Nẵng', 'MB', '(498) 950-5924'),
('383760d5-6851-218b-4835-0028ed526dd0', 'NV151', 'Nguyễn Ngọc Trường ', '2021-01-31 05:11:22', 'Nguyễn Tuấn Mạnh ', '2021-01-01 00:01:31', 'Nguyễn Minh Mạnh ', 2, '1979-05-20 00:00:00', '(843) 616-3652', 'Grissom@example.com', '423 NW Ski Hill Rd, Juneau, AK, 15718', '01643', '2015-01-01 00:00:14', 'Hà Nội', '4e272fc4-7875-78d6-7d32-6a1673ffca7c', '35e773ea-5d44-2dda-26a8-6d513e380bde', '95186', 'Đà Nẵng', 'BIDV', '(251) 328-9901'),
('38dc720e-654a-29d5-34c2-579daad24557', 'NV089', 'Nguyễn Văn Cường ', '2022-08-27 13:53:09', 'Trịnh Minh Tuấn ', '2022-01-12 07:12:42', 'Nguyễn Thái Trường ', 1, '1968-12-06 00:00:00', '(947) 515-0608', 'zjnogqkv_umtich@example.com', '1612 N Mountain Loop, Montgomery, AL, 13037', '21916', '2020-07-04 10:53:33', 'Hà Nội', '4577565a-7e3e-493a-74dd-867949feb8b5', '647a538e-630d-39cd-0144-e5a214c15aa7', '85094', 'Hà Nội', 'BIDV', '(386) 576-1679'),
('395826c8-15a0-31f9-5980-7ed9d1ea06ea', 'NV2', 'Nông Tuấn Cường ', '2021-01-01 00:00:06', 'Lê Ngọc Bằng ', '2022-07-11 02:55:47', 'Bùi Việt Cường ', 3, '1952-01-06 00:00:00', '(433) 488-1114', 'Bolen@nowhere.com', '699 Riverview Road, Augusta, Maine, 35378', '39312', '2015-01-01 00:00:05', 'Đà Nẵng', '4e272fc4-7875-78d6-7d32-6a1673ffca7c', NULL, '94979', 'Đà Nẵng', 'BIDV', '(781) 935-2627'),
('395fb299-3c5f-46fe-8841-c1ec321fe728', 'NV175', 'Nguyễn Việt Mạnh ', '2021-02-23 12:37:52', 'Mai Việt Bằng ', '2021-11-10 13:56:11', 'Nguyễn Văn Anh ', 1, '1997-11-29 00:00:00', '(914) 144-3110', 'Dana.Buckner@nowhere.com', '924 W Chapel Hill Way, Pierre, South Dakota, 86218', '56416', '2015-01-01 00:00:01', 'Đà Nẵng', '768f8e64-7d10-20c9-967d-e8c757976496', '6f45e010-3200-5943-27a8-6d513e380bde', '18377', 'Hà Nội', 'BIDV', '(289) 414-4911'),
('3a425a4d-6066-116b-6bf6-423b4e874d0f', 'NV82', 'Trân Tuấn Hiếu ', '2021-01-01 00:01:29', 'Nguyễn Ngọc Ngọc ', '2021-11-19 16:55:54', 'Nguyễn Minh Cường ', 2, '1952-03-29 00:00:00', '(317) 447-4928', 'Hooks24@example.com', '1069 West Riverview Cir, Buhl Bldg, Sacramento, CA, 20954', '80227', '2020-01-03 12:54:59', 'Đà Nẵng', '142cb08f-7c31-21fa-8e90-67245e8b283e', '6f45e010-3200-5943-27a8-6d513e380bde', '23251', 'Hồ Chí Minh', 'BIDV', '(621) 849-6990'),
('3abffc51-2a43-18c6-6cf6-423b4e874d0f', 'NV07', 'Trịnh Minh Hoàng ', '2021-03-11 14:24:55', 'Lê Tuấn Cường ', '2022-07-25 01:31:54', 'Mai Thái Anh ', 2, '1952-07-10 00:00:00', '(854) 442-2903', 'Baron964@nowhere.com', '3043 West Social Way, Juneau, Alaska, 62369', '06442', '2015-04-09 03:15:14', 'Hà Nội', '768f8e64-7d10-20c9-967d-e8c757976496', '6f45e010-3200-5943-27a8-6d513e380bde', '33476', 'Hồ Chí Minh', 'AGRIBANK', '(700) 912-9909'),
('3b668e3c-742f-4876-8e41-c1ec321fe728', 'NV83', 'Trân Việt Thanh ', '2022-02-24 10:18:42', 'Nguyễn Văn Hoàng ', '2021-11-19 18:54:11', 'Nguyễn Minh Cường ', 2, '1957-04-12 00:00:00', '(132) 043-9670', 'upcvcla96@nowhere.com', '579 Burwood Street, Phoenix, Arizona, 94482', '64364', '2017-02-13 03:45:29', NULL, '17120d02-6ab5-3e43-18cb-66948daf6128', NULL, '20879', 'Hà Nội', 'ACB', '(691) 995-3552'),
('3b9ddf67-2552-6683-5a80-7ed9d1ea06ea', 'NV245', 'Nông Văn Minh ', '2021-01-01 00:00:48', 'Nguyễn Tuấn Trường ', '2022-02-23 12:53:59', 'Trân  Thị Loan', 1, '1952-02-17 00:00:00', '(397) 740-5312', 'Ernesto.Cody@nowhere.com', '970 SW Town Ct, Providence, Rhode Island, 12119', '12197', '2019-08-28 03:15:59', 'Hồ Chí Minh', '142cb08f-7c31-21fa-8e90-67245e8b283e', '7c48a057-3c21-3db0-06a4-60fcae00630c', '55739', 'Hồ Chí Minh', 'TECH', '(893) 461-6396'),
('3cb58bb5-2fd7-6c15-8741-c1ec321fe728', 'NV70', 'Nguyễn Ngọc Mạnh ', '2022-08-12 07:26:17', 'Mai Văn Thuận ', '2021-08-18 05:05:19', 'Hoàng Văn Hương ', 2, '1963-11-06 00:00:00', '(520) 400-8474', 'PhilomenaLabbe@example.com', '632 Ironwood Blvd, Olympia, WA, 90318', '27173', '2015-01-01 00:01:23', 'Đà Nẵng', '142cb08f-7c31-21fa-8e90-67245e8b283e', '45ac3d26-18f2-18a9-3031-644313fbb055', '18541', 'Hà Nội', 'TECH', '(580) 059-9297'),
('3cc7be2d-6406-4b95-3cc2-579daad24557', 'NV232', 'Trịnh Minh Anh ', NULL, 'Trịnh Ngọc Mạnh ', '2022-01-17 00:52:28', 'Nguyễn Văn Thuận ', NULL, NULL, NULL, NULL, NULL, '12693', '2018-08-01 12:07:40', 'Đà Nẵng', '768f8e64-7d10-20c9-967d-e8c757976496', '647a538e-630d-39cd-0144-e5a214c15aa7', '43809', 'Đà Nẵng', NULL, '(283) 950-0977'),
('3d1266d8-49d7-3605-2477-d9ebc53aac3d', 'NV057', 'Bùi Ngọc Minh ', '2022-01-31 08:05:28', 'Nguyễn Văn Tuấn ', '2021-08-02 08:22:58', 'Nguyễn Minh Mạnh ', 1, '1981-12-16 00:00:00', '(157) 442-6856', 'DenverSewell899@example.com', '46 New Prospect Hill Way, Springfield, IL, 47701', '86594', '2018-03-09 11:35:45', 'Hà Nội', '142cb08f-7c31-21fa-8e90-67245e8b283e', '45ac3d26-18f2-18a9-3031-644313fbb055', '48566', 'Hà Nội', 'AGRIBANK', '(764) 749-6478'),
('3d18d4c2-2f39-3dce-d61d-086412a8ea97', 'NV229', 'Nguyễn Tuấn Tuấn ', '2021-09-06 22:33:27', 'Nguyễn Tuấn Tuấn ', '2022-05-31 20:40:51', 'Nguyễn Văn Thành ', 1, '1964-08-14 00:00:00', '(245) 537-5028', 'RobertoFinney@example.com', '3149 Fox Hill Drive, Dover, DE, 28955', '51321', '2015-01-01 00:16:29', 'Đà Nẵng', '17120d02-6ab5-3e43-18cb-66948daf6128', NULL, '41885', 'Hà Nội', 'BIDV', '(421) 107-7562'),
('3e51a46c-4153-229c-7f41-c1ec321fe728', 'NV109', 'Bùi Ngọc Minh ', '2022-02-23 03:12:42', NULL, NULL, 'Nguyễn Ngọc Hoàng ', 3, '1957-01-12 00:00:00', '(362) 919-2462', 'NorrisBolt@example.com', '969 Burwood Court, Appartment 47, Sacramento, California, 04454', '81385', '2015-01-01 00:08:45', 'Hà Nội', '4577565a-7e3e-493a-74dd-867949feb8b5', '7c4f14d8-66fb-14ae-198f-6354f958f4c0', '81506', NULL, 'TECH', NULL),
('3e7dd0ec-7ee5-392a-1277-d9ebc53aac3d', 'NV00', 'Nguyễn Ngọc Hương ', '2021-01-01 00:14:57', 'Trịnh Ngọc Bằng ', '2021-06-12 01:37:22', 'Nguyễn Tuấn Thuận ', 1, '1954-06-15 00:00:00', '(603) 260-6674', 'Acker@example.com', '238 Hunting Hill Way, Honolulu, Hawaii, 19687', '77561', '2015-01-01 00:01:38', 'Hà Nội', '4e272fc4-7875-78d6-7d32-6a1673ffca7c', '647a538e-630d-39cd-0144-e5a214c15aa7', '91783', 'Đà Nẵng', 'BIDV', '(720) 150-6341'),
('3f7028bf-3771-75c5-2380-de64d090a2c2', 'NV241', 'Hoàng Thái Thuận ', '2022-05-18 23:12:28', 'Mai Ngọc Thanh ', '2021-01-01 00:00:13', 'Trân Văn Thanh ', 1, '1998-12-15 00:00:00', '(197) 499-0744', 'TraceyBorders4@nowhere.com', '165 Ski Hill Way, Standard Bldg, Concord, NH, 14344', '75671', '2015-01-01 00:01:19', 'Hồ Chí Minh', '17120d02-6ab5-3e43-18cb-66948daf6128', '647a538e-630d-39cd-0144-e5a214c15aa7', '08804', 'Hà Nội', 'MB', '(494) 761-3708'),
('3fc4ed08-1219-1c6d-5480-7ed9d1ea06ea', 'NV231', 'Nguyễn Thái Anh ', '2021-07-17 02:08:28', 'Nguyễn Tuấn Hoàng ', '2021-10-06 23:06:39', 'Trịnh Việt Tuấn ', 1, '1960-05-21 00:00:00', '(579) 163-9312', 'Buck.Y_Agnew669@example.com', '2786 NW Flintwood Cir, First Security Bldg, Springfield, IL, 84578', '60255', '2015-01-01 00:20:07', 'Hà Nội', '4e272fc4-7875-78d6-7d32-6a1673ffca7c', '7c4f14d8-66fb-14ae-198f-6354f958f4c0', '48102', 'Hà Nội', 'ACB', '(568) 720-4250'),
('3fed64ec-2f94-798f-0335-60b3ebf808a9', 'NV255', 'Nguyễn Việt Anh ', '2021-06-01 13:07:20', 'Lê  Thị Ngọc', '2022-06-13 18:12:00', 'Nông Việt Mạnh ', 3, '1960-08-16 00:00:00', '(907) 223-8253', 'EleanoreYEscamilla158@example.com', '122 White Edgewood Ave, Atlanta, Georgia, 14003', '45501', '2015-08-22 08:46:38', 'Đà Nẵng', '142cb08f-7c31-21fa-8e90-67245e8b283e', '3f8e6896-4c7d-15f5-a018-75d8bd200d7c', '04117', 'Đà Nẵng', 'TECH', '(985) 271-0853'),
('4029deb6-568c-284f-8941-c1ec321fe728', 'NV134', 'Nguyễn Tuấn Thái ', '2021-02-28 20:02:17', 'Nguyễn Tuấn Cường ', '2022-03-23 06:37:22', 'Nguyễn Thái Mạnh ', 1, '1958-12-01 00:00:00', '(189) 974-6868', 'CortezAlderman@example.com', '2202 Riddle Hill Loop, Kearns Bldg, Honolulu, HI, 22980', '12560', '2020-05-07 05:08:20', 'Đà Nẵng', '17120d02-6ab5-3e43-18cb-66948daf6128', '78aafe4a-67a7-2076-3bf3-eb0223d0a4f7', '72635', 'Hồ Chí Minh', 'BIDV', '(991) 644-2237'),
('405d596c-21be-7e1a-3dc2-579daad24557', 'NV249', 'Trịnh Ngọc Minh ', '2021-01-01 00:03:55', 'Trân Minh Thuận ', '2021-03-17 19:33:20', 'Nguyễn  Mai Hân', 2, '1952-08-22 00:00:00', '(252) 370-5197', 'bsmbmevr.huhr@example.com', '3599 North Mountain Pkwy, Calyon Building, Juneau, AK, 83453', '97383', '2021-06-01 07:50:36', 'Hồ Chí Minh', '11452b0c-768e-5ff7-0d63-eeb1d8ed8cef', '7c48a057-3c21-3db0-06a4-60fcae00630c', '70337', 'Hồ Chí Minh', 'MB', '(885) 246-8346'),
('407db4d1-222b-287d-0135-60b3ebf808a9', 'NV19', 'Nông Minh Anh ', '2021-01-01 01:00:32', 'Nguyễn Thái Thành ', '2021-02-06 03:02:47', 'Bùi Việt Thanh ', 1, '1961-12-10 00:00:00', '(914) 555-5068', 'Almeida24@example.com', '75 Town Ln, Frankfort, Kentucky, 24833', '00071', '2020-02-04 11:41:32', 'Hồ Chí Minh', '11452b0c-768e-5ff7-0d63-eeb1d8ed8cef', '7c48a057-3c21-3db0-06a4-60fcae00630c', '07653', 'Hồ Chí Minh', 'AGRIBANK', '(521) 366-3991'),
('409dcd1a-426a-23f7-3a35-0028ed526dd0', 'NV074', 'Nguyễn Minh Cường ', '2021-06-17 15:15:34', 'Nguyễn Văn Thanh ', '2022-01-25 04:09:18', 'Nông Tuấn Bằng ', 3, '1972-09-28 00:00:00', '(173) 265-2255', 'Atwood@nowhere.com', '291 E Market Pkwy, Helena, MT, 32277', '35930', '2019-05-03 10:49:48', 'Hà Nội', '11452b0c-768e-5ff7-0d63-eeb1d8ed8cef', '78aafe4a-67a7-2076-3bf3-eb0223d0a4f7', '87627', 'Hà Nội', 'TECH', '(303) 661-0123'),
('417f31fa-5c7b-6b08-6280-7ed9d1ea06ea', 'NV086', 'Hoàng Văn Thành ', '2021-01-01 00:00:27', 'Bùi Minh Minh ', '2022-05-22 08:13:11', 'Nguyễn Việt Hiếu ', 3, '1952-01-27 00:00:00', '(789) 869-8246', 'Cato35@example.com', '394 North Mount Loop, Fisher Bldg, Helena, MT, 55544', '60136', '2021-02-11 07:44:31', NULL, '4577565a-7e3e-493a-74dd-867949feb8b5', '75cce5a6-4f7f-3671-3cf3-eb0223d0a4f7', '39469', 'Hồ Chí Minh', 'MB', '(708) 285-4278'),
('41f1acba-3177-4b1c-c4d2-89b22d10517e', 'NV043', 'Nguyễn Minh Tuấn ', '2021-10-01 23:51:09', 'Mai Thái Trường ', '2021-07-25 23:26:05', 'Hoàng  Diễm Loan', 3, '1956-02-04 00:00:00', '(416) 453-0123', 'Barnett@example.com', '3307 Riverview Lane, 3rd FL, Denver, Colorado, 09603', '27083', '2017-12-23 07:14:05', 'Đà Nẵng', '11452b0c-768e-5ff7-0d63-eeb1d8ed8cef', '35e773ea-5d44-2dda-26a8-6d513e380bde', '38572', 'Hà Nội', 'MB', '(360) 204-2302'),
('42a13e31-2abb-6171-dc1d-086412a8ea97', 'NV191', 'Mai Tuấn Cường ', '2021-02-02 06:50:26', 'Nguyễn Thái Cường ', '2021-01-01 00:01:30', 'Võ Tuấn Hoàng ', 1, '1987-10-26 00:00:00', '(940) 920-0349', 'Rodriguez@example.com', '2348 Burwood Avenue, Little Rock, AR, 32991', '17873', '2015-04-15 22:25:41', 'Hà Nội', '17120d02-6ab5-3e43-18cb-66948daf6128', '7c4f14d8-66fb-14ae-198f-6354f958f4c0', '57354', 'Đà Nẵng', 'ACB', '(484) 310-9374'),
('42b9446a-790b-3892-2ac2-579daad24557', 'NV98', 'Võ  Ngọc Hường', '2021-03-19 20:15:38', 'Nguyễn Minh Trường ', '2021-06-12 04:44:14', 'Trịnh Thái Mạnh ', 2, '1979-11-02 00:00:00', '(190) 513-7373', 'Perkins@example.com', '58 E Quailwood Ct, Diamond Bldg, Tallahassee, Florida, 10323', '64540', '2020-03-07 18:38:38', 'Hà Nội', '4e272fc4-7875-78d6-7d32-6a1673ffca7c', '78aafe4a-67a7-2076-3bf3-eb0223d0a4f7', '76640', 'Hồ Chí Minh', 'ACB', '(110) 812-6926'),
('42db9027-5e76-257b-33c2-579daad24557', 'NV161', 'Nguyễn Ngọc Bằng ', '2021-01-01 00:00:10', 'Nguyễn Văn Cường ', '2021-01-01 00:06:47', 'Trịnh Văn Minh ', 3, '1952-01-10 00:00:00', '(226) 699-4530', 'Mindy.Albrecht@nowhere.com', '1623 Highland Rd, Columbus, Ohio, 20919', '13804', '2022-09-23 15:38:07', 'Hà Nội', '11452b0c-768e-5ff7-0d63-eeb1d8ed8cef', '45ac3d26-18f2-18a9-3031-644313fbb055', '61507', 'Hà Nội', 'AGRIBANK', '(829) 681-1765'),
('45bd4aa1-3832-3db8-d21d-086412a8ea97', 'NV164', 'Nguyễn Việt Mạnh ', '2021-04-13 16:24:21', 'Lê Ngọc Thái ', '2022-01-14 12:40:47', 'Nguyễn Thái Tuấn ', 1, '1967-03-18 00:00:00', '(691) 091-6995', 'AntoineLittlefield@nowhere.com', '2340 Lake Hwy, Montgomery, AL, 99427', '60928', '2019-07-10 07:22:55', 'Hà Nội', '768f8e64-7d10-20c9-967d-e8c757976496', '78aafe4a-67a7-2076-3bf3-eb0223d0a4f7', '39967', 'Hà Nội', 'ACB', '(194) 191-1019'),
('46325c89-599d-77ef-74f6-423b4e874d0f', 'NV030', 'Võ Ngọc Thái ', '2021-04-18 12:20:02', 'Nguyễn Việt Tuấn ', '2021-01-01 00:16:14', 'Trân Ngọc Ngọc ', 2, '1953-10-17 00:00:00', '(542) 796-0514', 'wkjvspno405@nowhere.com', '322 Old Hope Dr, Concord, New Hampshire, 50372', '58877', '2017-06-02 01:05:52', 'Hồ Chí Minh', '768f8e64-7d10-20c9-967d-e8c757976496', '647a538e-630d-39cd-0144-e5a214c15aa7', '89082', 'Hồ Chí Minh', 'AGRIBANK', '(744) 052-9054'),
('481183cb-5a6c-795b-68f6-423b4e874d0f', 'NV119', 'Trịnh  Thị Linh', NULL, 'Lê Tuấn Thái ', '2022-06-29 06:18:39', 'Nguyễn  Diễm Ngọc', NULL, NULL, NULL, NULL, NULL, '42754', '2015-01-01 00:08:52', NULL, '469b3ece-744a-45d5-957d-e8c757976496', '75cce5a6-4f7f-3671-3cf3-eb0223d0a4f7', '99710', 'Hà Nội', NULL, '(272) 641-3476'),
('48147636-7e8f-6939-2580-de64d090a2c2', 'NV93', 'Trịnh Minh Hương ', '2021-06-11 17:39:57', 'Nguyễn Minh Mạnh ', '2021-04-01 08:17:52', 'Nguyễn Việt Thanh ', 1, '1961-09-25 00:00:00', '(606) 212-1077', 'Demetrius_Mcintyre749@example.com', '3921 West Burwood Lane, Equitable Bldg, Trenton, New Jersey, 92662', '58854', '2020-08-29 13:10:07', 'Đà Nẵng', '768f8e64-7d10-20c9-967d-e8c757976496', '6f45e010-3200-5943-27a8-6d513e380bde', '90178', 'Hồ Chí Minh', 'ACB', '(233) 789-7727'),
('4852769b-3986-7c69-2077-d9ebc53aac3d', 'NV29', 'Hoàng  Thị Diễm', '2021-01-01 00:00:01', 'Bùi Văn Ngọc ', '2022-05-05 17:18:39', 'Nguyễn Việt Hoàng ', 1, '1952-01-01 00:00:00', '(706) 470-3482', 'Ela_Renteria444@nowhere.com', '902 Red Market Circle, Topeka, KS, 30159', '33484', '2019-02-04 13:36:48', 'Hồ Chí Minh', '768f8e64-7d10-20c9-967d-e8c757976496', '45ac3d26-18f2-18a9-3031-644313fbb055', '69646', 'Đà Nẵng', 'TECH', '(806) 334-9842'),
('4863fe5f-13df-4653-9041-c1ec321fe728', 'NV024', 'Nguyễn Minh Trường ', '2021-06-14 16:54:24', NULL, NULL, NULL, 3, '1996-06-24 00:00:00', '(605) 529-0725', 'Mitchel.Taylor6@example.com', '535 Flintwood Parkway, Austin, TX, 99702', '09880', NULL, NULL, '469b3ece-744a-45d5-957d-e8c757976496', '647a538e-630d-39cd-0144-e5a214c15aa7', '00556', NULL, 'MB', NULL),
('4989ff24-23e7-7b82-b6d2-89b22d10517e', 'NV160', 'Nguyễn Thái Anh ', '2021-08-19 09:01:18', 'Hoàng Thái Thanh ', '2022-09-17 20:28:10', 'Trân  Thị Hường', 1, '1991-10-04 00:00:00', '(241) 260-0002', 'ShandraCarranza@nowhere.com', '1547 NE Ski Hill Dr, Kearns Building, Jackson, Mississippi, 91926', '27868', '2015-01-01 00:00:02', 'Hồ Chí Minh', '768f8e64-7d10-20c9-967d-e8c757976496', '78aafe4a-67a7-2076-3bf3-eb0223d0a4f7', '63258', 'Đà Nẵng', 'ACB', '(321) 710-8523'),
('4a9854e8-12ac-72ac-2877-d9ebc53aac3d', 'NV054', 'Nguyễn Minh Mạnh ', '2021-03-09 02:19:20', NULL, NULL, NULL, 1, '1964-12-31 00:00:00', '(840) 243-1506', 'Adcock@nowhere.com', '2658 Stonewood Ct, Judge Building, Juneau, AK, 50046', '14905', NULL, NULL, '4577565a-7e3e-493a-74dd-867949feb8b5', NULL, '03446', NULL, 'TECH', NULL),
('4bf4567b-1505-40db-dd1d-086412a8ea97', 'NV233', 'Nguyễn Minh Hiếu ', '2021-01-01 01:42:30', 'Nguyễn Tuấn Cường ', '2022-01-16 05:18:57', 'Hoàng Tuấn Tuấn ', 1, '1968-11-01 00:00:00', '(712) 332-5266', 'Adina.Andres95@example.com', '84 Deepwood Ct, Austin, Texas, 19082', '11974', '2015-01-01 00:01:23', 'Hồ Chí Minh', '469b3ece-744a-45d5-957d-e8c757976496', '78aafe4a-67a7-2076-3bf3-eb0223d0a4f7', '62165', 'Hồ Chí Minh', 'BIDV', '(960) 135-3453'),
('4bf9ecda-2d8e-1724-1d80-de64d090a2c2', 'NV16', 'Mai Thái Thanh ', '2021-11-19 01:37:11', 'Nguyễn Thái Trường ', '2021-01-30 07:16:14', 'Nguyễn  Thị Hương', 1, '1964-08-31 00:00:00', '(745) 204-2485', 'Alec.Trejo21@nowhere.com', '574 Hunting Hill Ct, Hartford, Connecticut, 35468', '21742', '2017-01-07 16:22:39', NULL, '4e272fc4-7875-78d6-7d32-6a1673ffca7c', '35e773ea-5d44-2dda-26a8-6d513e380bde', '10611', 'Đà Nẵng', 'MB', '(980) 628-6587'),
('4c61c74b-4a9f-769e-0d35-60b3ebf808a9', 'NV114', 'Nông Việt Trường ', '2021-03-30 01:42:02', 'Mai Việt Mạnh ', '2021-01-01 00:14:09', 'Nông Văn Hoàng ', 3, '1989-02-15 00:00:00', '(190) 063-4026', 'Mckinley_Barbosa835@nowhere.com', '3688 Fox Hill Parkway, MidAmerican Bldg, Springfield, Illinois, 69577', '23848', '2015-01-01 00:00:08', NULL, '142cb08f-7c31-21fa-8e90-67245e8b283e', '7c48a057-3c21-3db0-06a4-60fcae00630c', '26164', 'Hồ Chí Minh', 'BIDV', '(521) 132-8543'),
('4c9ebdde-5f9a-58dd-4235-0028ed526dd0', 'NV106', 'Bùi Minh Bằng ', '2021-07-18 03:05:53', 'Nguyễn Việt Hiếu ', '2021-09-19 20:39:02', 'Nguyễn Tuấn Trường ', 2, '1985-06-09 00:00:00', '(495) 003-4518', 'LindsayMccord@example.com', '3015 Town St, Enquirer Bldg, Charleston, WV, 47998', '65044', '2020-11-30 03:09:11', 'Hồ Chí Minh', '142cb08f-7c31-21fa-8e90-67245e8b283e', '35e773ea-5d44-2dda-26a8-6d513e380bde', '22850', 'Hà Nội', 'ACB', '(226) 818-3491'),
('4cc606bb-3068-7d32-3f35-0028ed526dd0', 'NV5', 'Nguyễn Minh Anh ', '2021-07-29 04:51:38', 'Mai Tuấn Hoàng ', '2022-02-12 08:34:46', 'Nông Tuấn Bằng ', 2, '1981-06-13 00:00:00', '(331) 554-4102', 'Mario_Bivens@nowhere.com', '673 Riverview Circle, Des Moines, Iowa, 03907', '71828', '2022-06-26 08:10:12', 'Đà Nẵng', '4577565a-7e3e-493a-74dd-867949feb8b5', '3f8e6896-4c7d-15f5-a018-75d8bd200d7c', '72254', 'Đà Nẵng', 'ACB', '(325) 708-6691'),
('4d536cce-31bf-335e-bfd2-89b22d10517e', 'NV73', 'Nguyễn Minh Hiếu ', '2021-07-29 08:26:49', 'Nguyễn Minh Tuấn ', '2022-10-19 20:15:40', 'Nguyễn Tuấn Anh ', 3, '1961-06-08 00:00:00', '(445) 081-9897', 'LeonStafford295@example.com', '2057 Waterview Ln, 75th Floor, Dover, Delaware, 00313', '24826', '2016-11-02 18:11:22', 'Hà Nội', '469b3ece-744a-45d5-957d-e8c757976496', '75cce5a6-4f7f-3671-3cf3-eb0223d0a4f7', '29165', 'Hồ Chí Minh', 'BIDV', '(131) 505-1903'),
('4db9a514-6d87-2ec1-3b35-0028ed526dd0', 'NV224', 'Lê Việt Mạnh ', '2021-06-16 21:35:37', 'Trân Tuấn Cường ', '2022-03-30 13:08:41', 'Nguyễn Thái Minh ', 3, '2001-05-18 00:00:00', '(651) 163-8918', 'Dodge@example.com', '3265 Market Lane, Dover, Delaware, 26858', '66073', '2019-03-04 21:07:26', 'Hà Nội', '768f8e64-7d10-20c9-967d-e8c757976496', '3f8e6896-4c7d-15f5-a018-75d8bd200d7c', '72355', 'Hà Nội', 'AGRIBANK', '(356) 036-5906'),
('4dd0746a-6f49-64fa-1d77-d9ebc53aac3d', 'NV226', 'Nguyễn Việt Trường ', NULL, 'Nguyễn Văn Ngọc ', '2022-07-03 04:06:49', 'Bùi Minh Hiếu ', NULL, NULL, NULL, NULL, NULL, '87459', '2018-08-15 17:24:13', 'Hà Nội', '768f8e64-7d10-20c9-967d-e8c757976496', '35e773ea-5d44-2dda-26a8-6d513e380bde', '46034', 'Hồ Chí Minh', NULL, '(157) 493-2396'),
('4eb131b8-234a-632f-4b35-0028ed526dd0', 'NV99', 'Võ Việt Thái ', NULL, 'Lê Văn Thanh ', '2022-10-01 14:50:09', 'Hoàng Tuấn Mạnh ', NULL, NULL, NULL, NULL, NULL, '92201', '2020-07-22 22:21:37', 'Hồ Chí Minh', '4577565a-7e3e-493a-74dd-867949feb8b5', '7c4f14d8-66fb-14ae-198f-6354f958f4c0', '89894', 'Hà Nội', NULL, '(419) 092-5344'),
('4efc95ad-2cc2-3f45-bed2-89b22d10517e', 'NV017', 'Nguyễn Minh Thái ', '2022-02-15 22:27:48', 'Lê Thái Ngọc ', '2022-07-17 11:30:39', 'Trịnh Ngọc Mạnh ', 3, '1975-10-23 00:00:00', '(461) 398-5297', 'Adam.Runyan27@example.com', '3321 Quailwood Circle, Trenton, NJ, 77048', '18886', '2015-01-25 14:22:09', 'Hà Nội', '4577565a-7e3e-493a-74dd-867949feb8b5', '6f45e010-3200-5943-27a8-6d513e380bde', '03310', 'Hà Nội', 'AGRIBANK', '(741) 863-7414'),
('4f65f6c1-4525-16e5-4135-0028ed526dd0', 'NV6', 'Võ Minh Thanh ', NULL, 'Nguyễn  Thị Linh', '2021-07-04 15:35:19', 'Võ Tuấn Ngọc ', NULL, NULL, NULL, NULL, NULL, '23634', '2016-04-11 12:25:38', NULL, '17120d02-6ab5-3e43-18cb-66948daf6128', '75cce5a6-4f7f-3671-3cf3-eb0223d0a4f7', '55569', 'Hà Nội', NULL, '(801) 065-2300'),
('500b6761-1631-4f3a-c0d2-89b22d10517e', 'NV100', 'Nguyễn Tuấn Hiếu ', '2021-01-01 00:00:55', 'Hoàng Thái Minh ', '2022-07-06 16:22:29', 'Nguyễn Tuấn Mạnh ', 1, '1952-02-24 00:00:00', '(288) 767-4411', 'LukeLaplante@example.com', '99 E Town St, Salem, OR, 46516', '16176', '2020-11-25 10:15:40', NULL, '142cb08f-7c31-21fa-8e90-67245e8b283e', '7c4f14d8-66fb-14ae-198f-6354f958f4c0', '07681', 'Hà Nội', 'MB', '(828) 328-6315'),
('506acf1e-5331-67a9-0d77-d9ebc53aac3d', 'NV01', 'Trân Ngọc Bằng ', '2021-03-27 10:45:46', 'Nông Minh Hoàng ', '2021-12-26 06:00:52', 'Nguyễn Minh Mạnh ', 2, '1986-08-14 00:00:00', '(873) 033-1497', 'Schuler@example.com', '2083 SE Bayview Hwy, Diamond Bldg, Austin, Texas, 35512', '71802', '2015-01-01 00:00:09', 'Hà Nội', '11452b0c-768e-5ff7-0d63-eeb1d8ed8cef', '35e773ea-5d44-2dda-26a8-6d513e380bde', '57474', 'Đà Nẵng', 'AGRIBANK', '(375) 580-5172'),
('50b49b1f-3df8-4b52-db1d-086412a8ea97', 'NV139', 'Mai Thái Ngọc ', '2021-12-06 00:48:59', 'Trân Việt Thành ', '2021-03-13 01:28:05', 'Lê Ngọc Mạnh ', 3, '2000-08-14 00:00:00', '(438) 262-3235', 'Asher22@example.com', '737 Red Sharp Hill Ln, Keith Building, Honolulu, Hawaii, 26722', '70444', '2020-07-02 06:46:49', 'Hồ Chí Minh', '768f8e64-7d10-20c9-967d-e8c757976496', '45ac3d26-18f2-18a9-3031-644313fbb055', '45529', 'Hà Nội', 'TECH', '(674) 170-7767'),
('50c07587-55d5-5b36-1b77-d9ebc53aac3d', 'NV041', 'Nguyễn Tuấn Bằng ', '2021-01-01 00:27:32', 'Trịnh Việt Mạnh ', '2022-04-14 16:16:35', 'Bùi  Thị Hân', 1, '1956-07-09 00:00:00', '(283) 464-2386', 'Keith51@nowhere.com', '2654 North Quailwood Blvd, Penobscot Building, Topeka, KS, 02081', '73086', '2022-02-21 05:02:39', 'Hồ Chí Minh', '469b3ece-744a-45d5-957d-e8c757976496', '78aafe4a-67a7-2076-3bf3-eb0223d0a4f7', '60553', 'Hồ Chí Minh', 'BIDV', '(611) 499-8100'),
('517035f8-43a9-4c59-72f6-423b4e874d0f', 'NV132', 'Nguyễn Thái Thái ', NULL, 'Mai Thái Mạnh ', '2022-05-13 06:48:31', 'Nguyễn Việt Trường ', NULL, NULL, NULL, NULL, NULL, '65477', '2018-12-26 21:37:58', NULL, '4577565a-7e3e-493a-74dd-867949feb8b5', '75cce5a6-4f7f-3671-3cf3-eb0223d0a4f7', '30875', 'Hồ Chí Minh', NULL, '(471) 531-4355'),
('51b5ac10-6dea-17ad-2080-de64d090a2c2', 'NV013', 'Nguyễn Tuấn Thành ', '2021-07-27 16:00:40', 'Hoàng Minh Bằng ', '2021-10-23 09:32:09', 'Mai Việt Tuấn ', 1, '1955-07-23 00:00:00', '(729) 702-2673', 'Cowley951@example.com', '858 South Hazelwood Parkway, 2nd Floor, Concord, New Hampshire, 09081', '74563', '2021-05-17 21:00:11', 'Hà Nội', '4577565a-7e3e-493a-74dd-867949feb8b5', '7c48a057-3c21-3db0-06a4-60fcae00630c', '96897', 'Hà Nội', 'AGRIBANK', '(421) 439-4785'),
('51c6e7d3-53bf-49ae-8a41-c1ec321fe728', 'NV69', 'Lê Thái Cường ', '2021-04-03 03:29:04', 'Nguyễn  Thị Ngọc', '2021-03-18 04:37:02', 'Nguyễn Thái Tuấn ', 3, '1971-08-06 00:00:00', '(782) 816-5491', 'Costello536@example.com', '1557 NE Quailwood Parkway, Appartment 97, Harrisburg, Pennsylvania, 33116', '15643', '2016-03-13 15:15:15', 'Hồ Chí Minh', '768f8e64-7d10-20c9-967d-e8c757976496', '35e773ea-5d44-2dda-26a8-6d513e380bde', '85464', 'Hà Nội', 'AGRIBANK', '(358) 488-8035'),
('524751f2-1577-523d-ce1d-086412a8ea97', 'NV039', 'Trân Văn Hương ', '2021-01-12 03:26:02', 'Nguyễn Văn Bằng ', '2021-02-19 21:23:08', 'Hoàng Việt Thanh ', 1, '2001-09-19 00:00:00', '(870) 923-0471', 'Brinkman28@example.com', '653 NE Edgewood St, Columbia, South Carolina, 96021', '47383', '2022-07-13 16:50:05', 'Đà Nẵng', '17120d02-6ab5-3e43-18cb-66948daf6128', '75cce5a6-4f7f-3671-3cf3-eb0223d0a4f7', '66085', 'Hà Nội', 'MB', '(643) 828-1801'),
('5254e49d-4368-3162-29c2-579daad24557', 'NV239', 'Nguyễn Việt Anh ', '2022-10-06 15:38:58', 'Hoàng Tuấn Minh ', '2022-02-22 17:55:47', 'Bùi Việt Hoàng ', 2, '1965-11-20 00:00:00', '(932) 094-5575', 'Bachman@example.com', '3250 East Riverside Road, Phoenix, AZ, 34596', '76947', '2015-01-01 00:14:48', NULL, '11452b0c-768e-5ff7-0d63-eeb1d8ed8cef', '75cce5a6-4f7f-3671-3cf3-eb0223d0a4f7', '50103', 'Hà Nội', 'AGRIBANK', '(908) 576-4434'),
('527e293c-2185-6d0a-5580-7ed9d1ea06ea', 'NV89', 'Nguyễn Ngọc Ngọc ', '2021-11-14 10:10:40', 'Trịnh Tuấn Trường ', '2022-06-07 13:00:25', 'Mai Việt Hiếu ', 1, '1998-08-05 00:00:00', '(557) 294-9111', 'wmunrid4218@example.com', '209 Hidden Parkwood Highway, 9th FL, Phoenix, AZ, 58694', '65110', '2015-01-01 00:01:38', 'Đà Nẵng', '469b3ece-744a-45d5-957d-e8c757976496', NULL, '08488', 'Hồ Chí Minh', 'BIDV', '(528) 280-3924'),
('52a36f9d-42d4-6841-38c2-579daad24557', 'NV019', 'Trịnh Minh Ngọc ', '2021-08-28 01:32:20', NULL, NULL, 'Nguyễn Minh Cường ', 1, '1983-12-22 00:00:00', '(810) 083-5289', 'tsbgmdqr.tuqw@nowhere.com', '82 Rockwood Ave, Sacramento, CA, 89464', '78055', '2015-01-01 02:32:26', 'Hà Nội', '4577565a-7e3e-493a-74dd-867949feb8b5', '3f8e6896-4c7d-15f5-a018-75d8bd200d7c', '80925', NULL, 'ACB', NULL),
('535ddd98-1493-7909-1e80-de64d090a2c2', 'NV110', 'Nguyễn Thái Thái ', '2021-12-15 15:33:22', 'Trân Thái Thái ', '2021-01-01 00:00:39', 'Nguyễn  Thị Linh', 2, '1964-04-28 00:00:00', '(400) 678-2082', 'AbdulSoto@example.com', '3553 Town Hwy, Suite 644, Honolulu, Hawaii, 60973', '75657', '2021-06-09 20:58:48', 'Hồ Chí Minh', '17120d02-6ab5-3e43-18cb-66948daf6128', '3f8e6896-4c7d-15f5-a018-75d8bd200d7c', '64069', 'Hà Nội', 'ACB', '(583) 914-1983'),
('53f68d51-267f-2d1e-8241-c1ec321fe728', 'NV105', 'Lê  Ngọc Hương', '2022-03-30 23:01:59', 'Trịnh Ngọc Minh ', '2021-01-01 00:16:16', 'Trân  Diễm Hương', 1, '1971-01-29 00:00:00', '(957) 389-4429', 'pqjndav80@example.com', '3026 North Sharp Hill Ln, Madison, Wisconsin, 96478', '52943', '2015-01-01 00:00:39', 'Đà Nẵng', '17120d02-6ab5-3e43-18cb-66948daf6128', '7c48a057-3c21-3db0-06a4-60fcae00630c', '94265', 'Hồ Chí Minh', 'BIDV', '(321) 197-4341'),
('56249d42-1aee-20b3-3fc2-579daad24557', 'NV111', 'Nông Thái Bằng ', '2021-01-01 00:00:57', 'Lê Tuấn Tuấn ', '2021-07-24 14:25:11', 'Nguyễn Tuấn Ngọc ', 2, '1952-02-26 00:00:00', '(227) 982-4098', 'Santa.Ammons@nowhere.com', '79 West Pine Tree Ave, 1st FL, Lansing, Michigan, 40951', '78038', '2021-03-12 05:53:57', NULL, '11452b0c-768e-5ff7-0d63-eeb1d8ed8cef', '3f8e6896-4c7d-15f5-a018-75d8bd200d7c', '68271', 'Hà Nội', 'AGRIBANK', '(774) 874-0441'),
('565c3832-2fbc-2ad0-4735-0028ed526dd0', 'NV52', 'Trân Ngọc Thành ', NULL, 'Lê Văn Tuấn ', '2021-01-01 01:38:35', 'Võ Minh Mạnh ', NULL, NULL, NULL, NULL, NULL, '48004', '2020-05-13 23:48:23', 'Hồ Chí Minh', '469b3ece-744a-45d5-957d-e8c757976496', '7c4f14d8-66fb-14ae-198f-6354f958f4c0', '86776', 'Đà Nẵng', NULL, '(570) 967-1766'),
('5697b103-5179-7ac3-d31d-086412a8ea97', 'NV240', 'Nguyễn Minh Tuấn ', '2022-03-06 16:01:13', 'Nguyễn Thái Tuấn ', '2021-10-23 13:34:24', 'Lê Ngọc Hương ', 1, '2000-02-16 00:00:00', '(729) 825-8915', 'DeanaAgee@example.com', '2560 North Rushwood Avenue, Providence, Rhode Island, 02848', '64831', '2020-08-30 04:08:13', NULL, '4e272fc4-7875-78d6-7d32-6a1673ffca7c', '7c48a057-3c21-3db0-06a4-60fcae00630c', '17381', 'Hà Nội', 'AGRIBANK', '(941) 310-0649'),
('56aaf263-3355-23ea-b8d2-89b22d10517e', 'NV10', 'Nguyễn Ngọc Minh ', '2022-01-02 17:04:42', 'Lê Văn Ngọc ', '2021-01-01 02:37:34', 'Mai Việt Hương ', 1, '1964-02-27 00:00:00', '(659) 344-2951', 'Adela_Alley61@example.com', '31 S Stonewood Loop, STE 87, Juneau, Alaska, 53219', '38672', '2015-02-07 00:17:34', 'Đà Nẵng', '768f8e64-7d10-20c9-967d-e8c757976496', '6f45e010-3200-5943-27a8-6d513e380bde', '30750', 'Hồ Chí Minh', 'TECH', '(660) 760-7750'),
('56dce332-76f0-6b9b-5080-7ed9d1ea06ea', 'NV214', 'Nguyễn Ngọc Thuận ', '2021-04-10 20:30:28', 'Mai Minh Trường ', '2022-10-11 17:28:54', 'Nguyễn Ngọc Anh ', 3, '1958-09-07 00:00:00', '(121) 928-0709', 'Salley69@nowhere.com', '441 S Ski Hill Highway, Bartlett Building, Boise, Idaho, 94526', '14056', '2019-05-02 15:03:05', NULL, '142cb08f-7c31-21fa-8e90-67245e8b283e', '35e773ea-5d44-2dda-26a8-6d513e380bde', '06837', 'Hà Nội', 'BIDV', '(363) 302-0571'),
('57cdf8c4-47e3-5560-7e41-c1ec321fe728', 'NV021', 'Trân Ngọc Minh ', NULL, 'Nguyễn Ngọc Cường ', '2022-07-20 03:38:48', 'Bùi Ngọc Mạnh ', NULL, NULL, NULL, NULL, NULL, '08272', '2015-01-01 00:00:07', 'Hà Nội', '4e272fc4-7875-78d6-7d32-6a1673ffca7c', '78aafe4a-67a7-2076-3bf3-eb0223d0a4f7', '77059', 'Đà Nẵng', NULL, '(423) 916-0439'),
('57dc4273-5c51-4aea-4d35-0028ed526dd0', 'NV067', 'Nguyễn Việt Ngọc ', '2021-01-01 00:14:14', NULL, NULL, NULL, 1, '1954-05-03 00:00:00', '(424) 862-2613', 'HopperN@nowhere.com', '883 Cedar Tree Parkway, Boise, ID, 49757', '75825', NULL, NULL, '142cb08f-7c31-21fa-8e90-67245e8b283e', '35e773ea-5d44-2dda-26a8-6d513e380bde', '46720', NULL, 'ACB', NULL),
('57e65423-37f0-74b0-71f6-423b4e874d0f', 'NV55', 'Mai Việt Ngọc ', '2022-08-03 00:06:16', 'Nguyễn Tuấn Minh ', '2021-10-11 11:04:08', 'Nguyễn Tuấn Cường ', 2, '1988-01-06 00:00:00', '(655) 125-5323', 'jrhjvj2@nowhere.com', '894 NE Beachwood Lane, Enquirer Bldg, Richmond, VA, 06412', '31595', '2019-01-20 23:15:25', 'Hà Nội', '4e272fc4-7875-78d6-7d32-6a1673ffca7c', '75cce5a6-4f7f-3671-3cf3-eb0223d0a4f7', '66071', 'Hồ Chí Minh', 'MB', '(310) 501-0843'),
('58e49fff-2a42-4ce7-1c77-d9ebc53aac3d', 'NV43', 'Trân Thái Hương ', '2022-03-14 21:35:45', 'Nguyễn Minh Ngọc ', '2021-01-01 00:00:03', 'Trân Ngọc Thanh ', 1, '1969-05-26 00:00:00', '(255) 021-3614', 'kcrx1294@nowhere.com', '61 Cedar Tree Blvd, Kearns Bldg, Madison, Wisconsin, 05849', '73685', '2018-06-28 11:49:42', 'Hà Nội', '469b3ece-744a-45d5-957d-e8c757976496', '75cce5a6-4f7f-3671-3cf3-eb0223d0a4f7', '92445', 'Hà Nội', 'ACB', '(969) 521-6612'),
('592aba45-4643-52ff-c1d2-89b22d10517e', 'NV22', 'Nguyễn Minh Hương ', '2021-02-03 21:31:12', 'Nguyễn Minh Thuận ', '2021-06-24 00:02:37', 'Hoàng Thái Hoàng ', 3, '1953-11-20 00:00:00', '(511) 408-8048', 'ourbk6238@nowhere.com', '3341 Parkwood Highway, Cheyenne, WY, 43349', '38091', '2022-08-09 23:58:58', NULL, '4577565a-7e3e-493a-74dd-867949feb8b5', '3f8e6896-4c7d-15f5-a018-75d8bd200d7c', '08042', 'Hồ Chí Minh', 'TECH', '(461) 713-2093'),
('595e7d51-318c-39e8-1377-d9ebc53aac3d', 'NV178', 'Nguyễn Tuấn Thái ', '2022-04-17 04:47:55', 'Hoàng  Minh Hân', '2022-09-07 08:31:49', NULL, 2, '1989-11-18 00:00:00', '(981) 682-5876', 'Chasidy.Nye82@example.com', '1503 Market Cir, Concord, NH, 29993', '20454', NULL, NULL, '17120d02-6ab5-3e43-18cb-66948daf6128', NULL, '15156', 'Hồ Chí Minh', 'MB', '(221) 181-9134'),
('5a841b92-791c-78df-5180-7ed9d1ea06ea', 'NV03', 'Võ Việt Minh ', '2021-01-01 00:00:12', 'Nguyễn  Thị Loan', '2021-06-16 05:19:18', 'Hoàng Việt Trường ', 1, '1952-01-12 00:00:00', '(833) 067-7569', 'Barron@nowhere.com', '67 Hidden Lake Blvd, Diamond Bldg, Raleigh, NC, 20451', '67961', '2021-05-07 11:13:23', 'Đà Nẵng', '142cb08f-7c31-21fa-8e90-67245e8b283e', '35e773ea-5d44-2dda-26a8-6d513e380bde', '68634', 'Đà Nẵng', 'ACB', '(529) 911-9415'),
('5c7f0ec4-77f2-3794-cf1d-086412a8ea97', 'NV14', 'Nguyễn Ngọc Trường ', '2022-02-03 13:10:30', 'Bùi  Mai Hân', '2021-01-17 01:48:25', 'Nguyễn Minh Cường ', 2, '1984-06-13 00:00:00', '(192) 966-7218', 'JeraldAbraham529@example.com', '1858 Waterview Ln, Appartment 67, Topeka, Kansas, 31062', '76337', '2021-09-23 22:33:44', 'Hồ Chí Minh', '4e272fc4-7875-78d6-7d32-6a1673ffca7c', '45ac3d26-18f2-18a9-3031-644313fbb055', '22148', 'Hồ Chí Minh', 'MB', '(522) 128-9842'),
('5c85f9f2-1de1-4f0a-3e35-0028ed526dd0', 'NV08', 'Nguyễn Minh Minh ', '2021-02-25 21:04:35', 'Trịnh Tuấn Anh ', '2021-03-01 00:56:44', 'Trịnh Việt Trường ', 3, '1989-07-28 00:00:00', '(690) 147-8073', 'Davina_Bragg91@example.com', '79 West Mount Way, Lansing, MI, 42655', '44616', '2016-01-13 01:55:14', 'Đà Nẵng', '469b3ece-744a-45d5-957d-e8c757976496', '3f8e6896-4c7d-15f5-a018-75d8bd200d7c', '67374', 'Hồ Chí Minh', 'MB', '(441) 404-8332'),
('5dc832b0-169a-1395-37c2-579daad24557', 'NV123', 'Bùi Minh Hương ', '2021-01-01 00:00:07', 'Trân  Thị Diễm', '2021-01-01 00:00:49', NULL, 2, '1952-01-07 00:00:00', '(807) 678-5351', 'Pressley@example.com', '1595 Woodfort Road, Appartment 48, Trenton, NJ, 53174', '87557', NULL, NULL, '469b3ece-744a-45d5-957d-e8c757976496', '45ac3d26-18f2-18a9-3031-644313fbb055', '13645', 'Hà Nội', 'AGRIBANK', '(792) 603-2229'),
('5de704c2-573f-1a71-1a80-de64d090a2c2', 'NV34', 'Hoàng Việt Bằng ', NULL, 'Bùi Văn Mạnh ', '2021-06-15 15:14:14', NULL, NULL, NULL, NULL, NULL, NULL, '06604', NULL, NULL, '17120d02-6ab5-3e43-18cb-66948daf6128', '647a538e-630d-39cd-0144-e5a214c15aa7', '95168', 'Hồ Chí Minh', NULL, '(469) 512-8980'),
('5eaa6527-768d-3ae7-1977-d9ebc53aac3d', 'NV028', 'Hoàng Tuấn Trường ', '2021-08-19 04:02:35', 'Nguyễn Minh Cường ', '2021-01-01 00:00:45', 'Trịnh Thái Ngọc ', 1, '1989-10-02 00:00:00', '(562) 110-2959', 'tegaafuz6022@example.com', '1249 South Brentwood Blvd, Saint Paul, MN, 34086', '23345', '2020-07-18 22:46:54', 'Hà Nội', '142cb08f-7c31-21fa-8e90-67245e8b283e', '3f8e6896-4c7d-15f5-a018-75d8bd200d7c', '53273', 'Đà Nẵng', 'MB', '(698) 550-1032'),
('5edb2be2-7849-4909-c2d2-89b22d10517e', 'NV204', 'Nguyễn Minh Thái ', '2021-04-06 10:38:49', 'Nguyễn Việt Ngọc ', '2021-01-01 00:08:22', 'Nguyễn Minh Tuấn ', 2, '1975-09-28 00:00:00', '(687) 901-2872', 'gczp6186@example.com', '620 Riddle Hill St, Honolulu, Hawaii, 81352', '90652', '2015-01-01 02:25:22', 'Hồ Chí Minh', '4577565a-7e3e-493a-74dd-867949feb8b5', '7c4f14d8-66fb-14ae-198f-6354f958f4c0', '71256', 'Hà Nội', 'TECH', '(406) 938-2348'),
('5f03d745-7702-1c85-2bc2-579daad24557', 'NV251', 'Nguyễn Tuấn Tuấn ', '2021-06-22 17:31:02', 'Võ Minh Hoàng ', '2021-01-01 07:47:49', 'Bùi Minh Thuận ', 2, '1960-11-27 00:00:00', '(918) 918-5124', 'JerroldSAkins@example.com', '2619 New Flintwood Hwy, Boise, ID, 31658', '67222', '2019-05-04 17:35:42', 'Hà Nội', '4e272fc4-7875-78d6-7d32-6a1673ffca7c', '6f45e010-3200-5943-27a8-6d513e380bde', '21454', 'Hà Nội', 'AGRIBANK', '(822) 047-6617'),
('5f4b1d0a-247b-7049-4435-0028ed526dd0', 'NV078', 'Hoàng Ngọc Bằng ', '2021-08-07 20:49:45', 'Nguyễn Thái Cường ', '2022-10-13 09:39:55', 'Lê Minh Thanh ', 2, '1963-09-16 00:00:00', '(357) 288-7306', 'Wyatt.Gallegos4@example.com', '928 Ironwood Cir, Baton Rouge, Louisiana, 95005', '13542', '2019-01-25 01:41:39', 'Hồ Chí Minh', '11452b0c-768e-5ff7-0d63-eeb1d8ed8cef', '45ac3d26-18f2-18a9-3031-644313fbb055', '19373', 'Hà Nội', 'AGRIBANK', '(181) 778-6343'),
('5fab4ff7-1b8e-64d0-1880-de64d090a2c2', 'NV150', 'Hoàng Việt Anh ', '2021-10-04 22:40:40', 'Lê Tuấn Hương ', '2021-01-04 23:00:30', 'Nông Văn Mạnh ', 2, '1998-02-27 00:00:00', '(812) 301-5300', 'Almanza@example.com', '1086 Brentwood Blvd, Dover, DE, 59369', '05134', '2016-05-07 13:45:12', NULL, '469b3ece-744a-45d5-957d-e8c757976496', '6f45e010-3200-5943-27a8-6d513e380bde', '06222', 'Hà Nội', 'BIDV', '(465) 098-1888'),
('5fb9392a-4ad5-1fe7-76f6-423b4e874d0f', 'NV188', 'Trịnh Việt Anh ', '2022-07-06 08:08:28', 'Nguyễn  Thị Hương', '2022-07-23 08:06:26', NULL, 2, '1995-05-14 00:00:00', '(706) 224-3965', 'ArmindaBurkett986@example.com', '3690 Old Oak Cir, Victor Executive Building, Annapolis, MD, 14626', '55948', NULL, NULL, '4e272fc4-7875-78d6-7d32-6a1673ffca7c', '6f45e010-3200-5943-27a8-6d513e380bde', '40739', 'Hà Nội', 'BIDV', '(396) 475-6485'),
('5fd0a411-5945-70f7-4a35-0028ed526dd0', 'NV138', 'Nông Văn Thanh ', '2022-06-23 16:31:28', NULL, NULL, 'Nguyễn Tuấn Anh ', 2, '1965-05-17 00:00:00', '(231) 665-9754', 'Malik_Arellano217@nowhere.com', '3461 Riverside Blvd, Denver, CO, 27965', '15478', '2015-12-05 11:52:24', 'Hà Nội', '142cb08f-7c31-21fa-8e90-67245e8b283e', '75cce5a6-4f7f-3671-3cf3-eb0223d0a4f7', '22172', NULL, 'AGRIBANK', NULL),
('60fa924e-77de-55f3-2377-d9ebc53aac3d', 'NV059', 'Nguyễn Văn Cường ', '2021-09-14 15:18:35', NULL, NULL, NULL, 2, '1983-06-27 00:00:00', '(285) 453-8924', 'RivaStanford@example.com', '249 Riverside Court, Harrisburg, Pennsylvania, 79627', '86303', NULL, NULL, '4577565a-7e3e-493a-74dd-867949feb8b5', '7c48a057-3c21-3db0-06a4-60fcae00630c', '46588', NULL, 'AGRIBANK', NULL),
('611bb57c-5f6c-434c-c5d2-89b22d10517e', 'NV124', 'Bùi Minh Trường ', '2022-10-14 14:40:49', 'Nguyễn Văn Thanh ', '2021-01-01 01:24:55', 'Nguyễn Thái Mạnh ', 2, '1966-03-01 00:00:00', '(373) 387-6278', 'JaunitaSouthard@example.com', '3978 Buttonwood Circle, Albany, New York, 75211', '96560', '2016-08-28 23:35:43', 'Hồ Chí Minh', '768f8e64-7d10-20c9-967d-e8c757976496', '7c4f14d8-66fb-14ae-198f-6354f958f4c0', '55585', 'Hà Nội', 'TECH', '(564) 543-7317'),
('613afd47-2fc1-15ed-0735-60b3ebf808a9', 'NV244', 'Nguyễn Thái Bằng ', '2021-01-01 00:00:08', NULL, NULL, 'Nguyễn Ngọc Thành ', 3, '1952-01-08 00:00:00', '(437) 389-4694', 'Winkler51@nowhere.com', '2942 Red Lake Highway, Trenton, NJ, 66784', '12007', '2015-02-12 21:41:08', 'Đà Nẵng', '768f8e64-7d10-20c9-967d-e8c757976496', NULL, '03573', NULL, 'TECH', NULL),
('619ecbc4-37bc-19ea-6ff6-423b4e874d0f', 'NV193', 'Trân Thái Trường ', '2021-02-11 20:10:08', 'Trân Văn Thành ', '2021-07-13 06:39:38', 'Trịnh Thái Anh ', 2, '1991-09-15 00:00:00', '(901) 085-2249', 'Seth_T_Acker@example.com', '3251 NE Front Circle, Jackson, Mississippi, 91647', '75845', '2021-03-24 13:33:54', NULL, '11452b0c-768e-5ff7-0d63-eeb1d8ed8cef', '78aafe4a-67a7-2076-3bf3-eb0223d0a4f7', '40165', 'Đà Nẵng', 'AGRIBANK', '(405) 061-9464'),
('623727c0-4fb7-573d-c3d2-89b22d10517e', 'NV91', 'Nguyễn Ngọc Mạnh ', NULL, 'Trân Văn Thuận ', '2021-01-01 00:11:41', 'Nguyễn Ngọc Minh ', NULL, NULL, NULL, NULL, NULL, '08295', '2015-02-25 12:28:14', 'Đà Nẵng', '469b3ece-744a-45d5-957d-e8c757976496', '6f45e010-3200-5943-27a8-6d513e380bde', '53668', 'Đà Nẵng', NULL, '(278) 237-1646'),
('62563348-7bd5-6519-3c35-0028ed526dd0', 'NV033', 'Nguyễn Minh Ngọc ', '2021-11-21 15:10:06', 'Nguyễn Thái Thuận ', '2021-01-01 01:37:34', 'Trịnh Ngọc Bằng ', 3, '1981-08-21 00:00:00', '(583) 420-8609', 'Zenobia.Brunson@example.com', '758 Prospect Hill Dr, 52th FL, Annapolis, Maryland, 40674', '93025', '2015-01-01 00:14:52', 'Đà Nẵng', '142cb08f-7c31-21fa-8e90-67245e8b283e', '7c48a057-3c21-3db0-06a4-60fcae00630c', '95658', 'Hồ Chí Minh', 'BIDV', '(539) 917-0954'),
('62af2231-78a7-7caa-cd1d-086412a8ea97', 'NV219', 'Trịnh Minh Hiếu ', '2022-04-20 08:53:41', 'Nguyễn Việt Ngọc ', '2021-01-01 00:00:06', 'Nguyễn  Thị Ngọc', 2, '1982-02-22 00:00:00', '(357) 166-5983', 'Kirk.HKoehler@nowhere.com', '2676 E Prospect Hill Ave, Lincoln, NE, 15194', '22845', '2016-01-14 16:24:08', 'Hồ Chí Minh', '768f8e64-7d10-20c9-967d-e8c757976496', '3f8e6896-4c7d-15f5-a018-75d8bd200d7c', '34662', 'Hồ Chí Minh', 'AGRIBANK', '(173) 454-3055'),
('6399a2a5-2afd-3384-da1d-086412a8ea97', 'NV029', 'Nguyễn Văn Tuấn ', '2021-01-01 00:01:31', 'Trân Tuấn Tuấn ', '2021-10-22 02:09:21', 'Nguyễn  Mai Lệ', 3, '1952-03-31 00:00:00', '(872) 446-1282', 'Engel718@nowhere.com', '3281 New Beachwood Avenue, Saint Paul, Minnesota, 82050', '59758', '2017-01-04 01:43:03', 'Hà Nội', '142cb08f-7c31-21fa-8e90-67245e8b283e', '647a538e-630d-39cd-0144-e5a214c15aa7', '93698', 'Hà Nội', 'BIDV', '(519) 053-8182'),
('6485b64f-7835-65a4-8041-c1ec321fe728', 'NV206', 'Lê Việt Hương ', '2022-09-10 04:31:38', 'Lê Việt Minh ', '2021-08-15 00:57:45', NULL, 1, '2000-10-14 00:00:00', '(568) 730-2747', 'aweyzjpd3111@example.com', '61 Ironwood Parkway, Plaza Bldg, Baton Rouge, Louisiana, 38502', '20367', NULL, NULL, '11452b0c-768e-5ff7-0d63-eeb1d8ed8cef', '45ac3d26-18f2-18a9-3031-644313fbb055', '50025', 'Hà Nội', 'AGRIBANK', '(357) 663-5567'),
('65ecf5c2-5298-156e-d51d-086412a8ea97', 'NV200', 'Mai Tuấn Thái ', '2021-12-09 14:16:20', 'Võ Việt Trường ', '2022-07-11 20:01:30', 'Nông Văn Mạnh ', 2, '1953-02-24 00:00:00', '(677) 672-0737', 'Staley@nowhere.com', '3136 Stonewood Loop, Salt Lake City, UT, 23937', '88942', '2015-01-01 00:00:02', 'Hồ Chí Minh', '469b3ece-744a-45d5-957d-e8c757976496', '647a538e-630d-39cd-0144-e5a214c15aa7', '81406', 'Hà Nội', 'MB', '(930) 666-9064'),
('66ef0b11-1892-1443-1877-d9ebc53aac3d', 'NV06', 'Nguyễn Tuấn Anh ', '2021-10-20 11:07:16', 'Nguyễn Minh Bằng ', '2021-01-30 00:57:36', 'Mai Ngọc Thanh ', 2, '1982-06-16 00:00:00', '(306) 348-8601', 'Cleveland_Hildreth@nowhere.com', '3456 Old Oak Street, Bartlett Bldg, Baton Rouge, Louisiana, 75948', '64344', '2016-01-25 09:44:45', 'Hà Nội', '142cb08f-7c31-21fa-8e90-67245e8b283e', '78aafe4a-67a7-2076-3bf3-eb0223d0a4f7', '82929', 'Đà Nẵng', 'TECH', '(855) 449-5540'),
('677132b4-2a33-68d1-26c2-579daad24557', 'NV13', 'Trân Minh Mạnh ', '2022-07-13 17:02:27', 'Nông Tuấn Trường ', '2021-12-03 19:10:37', 'Nguyễn Ngọc Anh ', 1, '1992-04-27 00:00:00', '(826) 193-9372', 'Sanford549@nowhere.com', '56 Front Way, 7th Floor, Salem, Oregon, 66021', '30199', '2015-01-01 00:00:01', 'Đà Nẵng', '4577565a-7e3e-493a-74dd-867949feb8b5', '3f8e6896-4c7d-15f5-a018-75d8bd200d7c', '26120', 'Hồ Chí Minh', 'MB', '(465) 824-3043'),
('67e3818b-56b7-4eb0-5c80-7ed9d1ea06ea', 'NV230', 'Nguyễn Văn Minh ', '2021-01-08 16:48:54', 'Nguyễn Ngọc Cường ', '2021-01-01 00:00:05', 'Võ Ngọc Minh ', 2, '1995-08-01 00:00:00', '(643) 311-0425', 'Nathaniel.Hannon@example.com', '585 Burwood Dr, Kearns Bldg, Helena, Montana, 88363', '91057', '2020-12-10 00:58:12', 'Đà Nẵng', '4e272fc4-7875-78d6-7d32-6a1673ffca7c', '3f8e6896-4c7d-15f5-a018-75d8bd200d7c', '60088', 'Hồ Chí Minh', 'TECH', '(375) 289-7345'),
('6a50ecc3-384e-2a54-2177-d9ebc53aac3d', 'NV172', 'Nông Ngọc Trường ', '2021-05-26 20:38:36', 'Nguyễn Thái Trường ', '2022-04-16 12:33:40', 'Võ Văn Ngọc ', 3, '1997-07-26 00:00:00', '(260) 221-3651', 'AudreyVoss@example.com', '1093 W Town Highway, Juneau, Alaska, 35292', '94831', '2021-11-13 02:17:49', 'Hồ Chí Minh', '4577565a-7e3e-493a-74dd-867949feb8b5', '3f8e6896-4c7d-15f5-a018-75d8bd200d7c', '95625', 'Hồ Chí Minh', 'BIDV', '(614) 576-9181'),
('6a763a51-4322-5c5a-b5d2-89b22d10517e', 'NV163', 'Nông  Minh Linh', '2021-04-29 04:46:24', 'Nguyễn  Thị Linh', '2021-01-01 02:05:18', 'Võ  Diễm Mai', 3, '1990-07-07 00:00:00', '(221) 768-2554', 'ElmerFoley@example.com', '2815 W Ashwood Pkwy, 9th Floor, Indianapolis, IN, 35378', '32786', '2021-01-30 21:35:37', 'Hồ Chí Minh', '4e272fc4-7875-78d6-7d32-6a1673ffca7c', NULL, '60938', 'Hà Nội', 'AGRIBANK', '(865) 520-4431'),
('6b12b154-39d3-1a5b-2280-de64d090a2c2', 'NV46', 'Bùi Việt Thuận ', '2021-01-01 00:00:22', 'Nguyễn Tuấn Minh ', '2021-05-10 10:21:24', 'Trịnh Minh Thành ', 2, '1952-01-22 00:00:00', '(902) 010-7034', 'StaciaMcneal@example.com', '387 SW Town Blvd, Buhl Building, Madison, Wisconsin, 93638', '62723', '2017-03-11 07:23:58', 'Hà Nội', '142cb08f-7c31-21fa-8e90-67245e8b283e', '6f45e010-3200-5943-27a8-6d513e380bde', '64850', 'Hồ Chí Minh', 'ACB', '(747) 769-8492'),
('6b550b8f-7ff9-51bc-0f77-d9ebc53aac3d', 'NV9', 'Hoàng Tuấn Thái ', NULL, 'Mai  Ngọc Hường', '2022-07-09 10:56:22', 'Lê  Thị Giang', NULL, NULL, NULL, NULL, NULL, '43325', '2016-08-01 09:12:59', 'Hà Nội', '17120d02-6ab5-3e43-18cb-66948daf6128', '6f45e010-3200-5943-27a8-6d513e380bde', '09319', 'Hà Nội', NULL, '(875) 588-3115'),
('6b76d607-7d60-38a2-5680-7ed9d1ea06ea', 'NV216', 'Bùi Tuấn Hiếu ', '2022-03-25 14:12:05', NULL, NULL, 'Nguyễn Văn Anh ', 2, '1965-02-07 00:00:00', '(531) 501-3007', 'Cash@example.com', '769 Brentwood Lane, Albany, New York, 84869', '03470', '2020-06-24 17:31:24', 'Hà Nội', '4577565a-7e3e-493a-74dd-867949feb8b5', '75cce5a6-4f7f-3671-3cf3-eb0223d0a4f7', '04400', NULL, 'BIDV', NULL),
('6bb2a723-7c18-1df2-0b35-60b3ebf808a9', 'NV218', 'Mai Tuấn Mạnh ', '2021-01-01 00:00:41', 'Nguyễn Tuấn Tuấn ', '2021-06-03 17:06:42', 'Nguyễn Ngọc Tuấn ', 1, '1952-02-10 00:00:00', '(803) 503-5971', 'qmkigm6667@nowhere.com', '2036 Monument Dr, Montpelier, VT, 45613', '01358', '2015-01-01 00:00:07', 'Đà Nẵng', '4577565a-7e3e-493a-74dd-867949feb8b5', '78aafe4a-67a7-2076-3bf3-eb0223d0a4f7', '40590', 'Đà Nẵng', 'MB', '(618) 071-3175'),
('6c5b9fe7-14c9-3bb5-b4d2-89b22d10517e', 'NV253', 'Trân Việt Bằng ', '2021-01-01 00:00:07', NULL, NULL, 'Nguyễn Tuấn Mạnh ', 3, '1952-01-07 00:00:00', '(131) 136-7890', 'Sima_Call6@example.com', '1811 S Rock Hill Blvd, Juneau, AK, 04145', '35066', '2015-06-02 15:51:39', 'Đà Nẵng', '4e272fc4-7875-78d6-7d32-6a1673ffca7c', '7c48a057-3c21-3db0-06a4-60fcae00630c', '41437', NULL, 'AGRIBANK', NULL),
('6c80a684-1cb5-41af-ff34-60b3ebf808a9', 'NV238', 'Nông Ngọc Trường ', '2021-01-01 01:19:23', 'Trịnh  Thị Hường', '2022-03-04 23:22:35', 'Nguyễn Ngọc Tuấn ', 1, '1965-01-14 00:00:00', '(286) 206-7080', 'ZapataF@example.com', '3782 Hidden Meadowview Avenue, Comcast Bldg, Phoenix, AZ, 14366', '46790', '2015-01-01 00:31:40', 'Đà Nẵng', '142cb08f-7c31-21fa-8e90-67245e8b283e', '7c48a057-3c21-3db0-06a4-60fcae00630c', '25421', 'Hồ Chí Minh', 'TECH', '(450) 290-3993'),
('6d489b13-7396-7986-1577-d9ebc53aac3d', 'NV096', 'Nguyễn  Thị Hân', '2022-04-16 19:15:33', 'Lê Ngọc Trường ', '2021-01-01 00:15:57', 'Nguyễn  Thị Diễm', 1, '1954-10-29 00:00:00', '(425) 294-1719', 'Julie_Ackerman45@nowhere.com', '515 W Beachwood Parkway, Santa Fe, New Mexico, 92409', '05242', '2019-11-20 12:29:16', 'Hồ Chí Minh', '17120d02-6ab5-3e43-18cb-66948daf6128', NULL, '73557', 'Đà Nẵng', 'MB', '(985) 830-3180'),
('6d7def1b-4b7e-52aa-8f41-c1ec321fe728', 'NV102', 'Nguyễn Ngọc Ngọc ', '2021-11-29 21:16:06', 'Bùi Minh Cường ', '2022-04-06 22:54:19', NULL, 3, '1966-01-05 00:00:00', '(401) 872-7729', 'Angie_Chu6@example.com', '3513 New Brentwood Rd, Dover, Delaware, 59656', '91270', NULL, NULL, '11452b0c-768e-5ff7-0d63-eeb1d8ed8cef', '3f8e6896-4c7d-15f5-a018-75d8bd200d7c', '22380', 'Đà Nẵng', 'BIDV', '(222) 381-1315'),
('6dcdb6b6-273a-6aaa-8541-c1ec321fe728', 'NV084', 'Trân Ngọc Mạnh ', '2021-10-31 01:08:41', 'Võ Ngọc Trường ', '2021-01-01 00:35:58', NULL, 2, '1990-03-30 00:00:00', '(458) 517-4112', 'RomeoDorris17@example.com', '3791 2nd Cir, Honolulu, HI, 15340', '49471', NULL, NULL, '469b3ece-744a-45d5-957d-e8c757976496', NULL, '72086', 'Đà Nẵng', 'AGRIBANK', '(354) 578-9365'),
('6e3f7a8c-2f78-16a9-36c2-579daad24557', 'NV24', 'Trân Tuấn Trường ', '2021-07-31 19:02:40', NULL, NULL, 'Hoàng Văn Trường ', 1, '1954-03-29 00:00:00', '(913) 583-7953', 'Chana.Siegel@example.com', '3886 Prospect Hill Court, Penobscot Bldg, Santa Fe, New Mexico, 29333', '73239', '2015-01-01 02:44:16', NULL, '768f8e64-7d10-20c9-967d-e8c757976496', '6f45e010-3200-5943-27a8-6d513e380bde', '56315', NULL, 'TECH', NULL),
('6f1014db-2ff0-613b-bdd2-89b22d10517e', 'NV237', 'Nguyễn Thái Minh ', '2021-02-12 06:09:34', 'Nguyễn Việt Tuấn ', '2021-08-31 15:35:41', 'Nông Tuấn Tuấn ', 1, '1954-12-23 00:00:00', '(822) 674-5067', 'Bernardo_Nance35@example.com', '1159 W Hunting Hill Road, Raleigh, North Carolina, 70310', '53232', '2018-04-22 21:39:36', 'Đà Nẵng', '11452b0c-768e-5ff7-0d63-eeb1d8ed8cef', '45ac3d26-18f2-18a9-3031-644313fbb055', '93742', 'Đà Nẵng', 'MB', '(283) 994-1638'),
('6f51ea57-13b2-139f-1177-d9ebc53aac3d', 'NV234', 'Nguyễn Tuấn Thành ', '2022-06-09 11:30:24', 'Trân  Thị Giang', '2021-08-06 03:39:38', 'Nguyễn Việt Hoàng ', 2, '2001-10-10 00:00:00', '(164) 347-4821', 'rvxkhcgk5666@example.com', '422 Fox Hill Hwy, Suite 515, Lincoln, Nebraska, 90113', '89796', '2015-03-13 12:48:00', 'Hồ Chí Minh', '11452b0c-768e-5ff7-0d63-eeb1d8ed8cef', '45ac3d26-18f2-18a9-3031-644313fbb055', '04010', 'Đà Nẵng', 'MB', '(198) 058-4532'),
('707e1336-6584-55de-8341-c1ec321fe728', 'NV108', 'Nông Minh Minh ', '2021-08-01 08:58:38', 'Nguyễn Văn Hương ', '2021-08-09 13:06:50', 'Nông Việt Cường ', 1, '1962-11-04 00:00:00', '(548) 266-5843', 'Shila.Darnell546@example.com', '3487 Old Edgewood Pkwy, Jackson, Mississippi, 03945', '85767', '2015-01-01 02:08:04', NULL, '4577565a-7e3e-493a-74dd-867949feb8b5', '35e773ea-5d44-2dda-26a8-6d513e380bde', '77671', 'Đà Nẵng', 'TECH', '(556) 798-5627'),
('70aead00-2db5-77f7-2277-d9ebc53aac3d', 'NV196', 'Nguyễn Văn Hoàng ', '2022-09-18 23:24:50', 'Trịnh Thái Minh ', '2021-05-12 12:00:50', 'Hoàng Ngọc Bằng ', 3, '1970-06-26 00:00:00', '(903) 459-6577', 'Dedra.Laws888@nowhere.com', '2270 Ironwood Highway, Bartlett Building, Augusta, ME, 29426', '07800', '2019-06-01 06:54:17', 'Hà Nội', '469b3ece-744a-45d5-957d-e8c757976496', '7c48a057-3c21-3db0-06a4-60fcae00630c', '97661', 'Hà Nội', 'BIDV', '(877) 429-6583'),
('721b7460-7378-2203-0435-60b3ebf808a9', 'NV090', 'Lê Văn Anh ', '2022-03-02 09:38:10', NULL, NULL, 'Lê Ngọc Anh ', 2, '1960-07-20 00:00:00', '(592) 896-0770', 'GreggGaskin@example.com', '1757 Sharp Hill Circle, MidAmerican Building, Montpelier, Vermont, 97921', '92626', '2016-04-06 01:53:33', 'Hà Nội', '4577565a-7e3e-493a-74dd-867949feb8b5', '7c4f14d8-66fb-14ae-198f-6354f958f4c0', '17805', NULL, 'TECH', NULL),
('73dc79e1-1ccb-35a6-0235-60b3ebf808a9', 'NV052', 'Nguyễn Minh Ngọc ', NULL, 'Nguyễn Tuấn Ngọc ', '2021-07-08 04:40:35', 'Lê  Thị Linh', NULL, NULL, NULL, NULL, NULL, '63249', '2021-11-05 04:05:45', 'Hồ Chí Minh', '4577565a-7e3e-493a-74dd-867949feb8b5', '35e773ea-5d44-2dda-26a8-6d513e380bde', '69570', 'Hồ Chí Minh', NULL, '(600) 822-6166'),
('75ec2fe2-5965-48e6-9141-c1ec321fe728', 'NV142', 'Nguyễn Ngọc Hiếu ', '2022-08-11 07:42:34', NULL, NULL, NULL, 2, '1989-09-29 00:00:00', '(351) 142-4000', 'Tolbert@example.com', '2964 Buttonwood Loop, 96th FL, Tallahassee, FL, 78040', '05666', NULL, NULL, '4e272fc4-7875-78d6-7d32-6a1673ffca7c', '78aafe4a-67a7-2076-3bf3-eb0223d0a4f7', '44018', NULL, 'BIDV', NULL),
('762cf9e5-356b-56d7-5f80-7ed9d1ea06ea', 'NV221', 'Hoàng Việt Hiếu ', '2021-03-27 12:11:35', 'Lê Minh Ngọc ', '2021-01-01 00:00:54', 'Hoàng Thái Mạnh ', 3, '1966-10-17 00:00:00', '(428) 905-2167', 'RoscoeAbrams53@example.com', '45 New Hunting Hill St, Appartment 29, Lansing, MI, 27330', '11356', '2018-08-22 09:29:35', NULL, '11452b0c-768e-5ff7-0d63-eeb1d8ed8cef', '45ac3d26-18f2-18a9-3031-644313fbb055', '36367', 'Hồ Chí Minh', 'ACB', '(504) 753-6884'),
('76b3b772-27f3-37bf-75f6-423b4e874d0f', 'NV26', 'Nguyễn Việt Tuấn ', '2021-09-19 11:06:22', 'Bùi Ngọc Thái ', '2022-05-10 05:03:45', 'Nguyễn Việt Thành ', 2, '1993-04-10 00:00:00', '(886) 294-7851', 'Meyer@example.com', '3637 SW Buttonwood Ct, 1st FL, Denver, CO, 32433', '65879', '2015-01-01 00:00:04', NULL, '469b3ece-744a-45d5-957d-e8c757976496', '6f45e010-3200-5943-27a8-6d513e380bde', '05617', 'Đà Nẵng', 'TECH', '(436) 779-8893'),
('76cc3313-3932-7e97-4635-0028ed526dd0', 'NV4', 'Bùi Thái Tuấn ', NULL, 'Trân Thái Thuận ', '2022-07-10 03:59:48', 'Nguyễn  Mai Diễm', NULL, NULL, NULL, NULL, NULL, '10468', '2018-07-18 10:05:51', 'Hồ Chí Minh', '17120d02-6ab5-3e43-18cb-66948daf6128', '35e773ea-5d44-2dda-26a8-6d513e380bde', '29925', 'Hà Nội', NULL, '(105) 427-1073'),
('77d03350-6ba4-226c-77f6-423b4e874d0f', 'NV107', 'Nguyễn Văn Cường ', '2021-07-05 21:21:50', 'Nông Tuấn Bằng ', '2021-01-01 00:00:08', NULL, 3, '1988-06-25 00:00:00', '(801) 604-0891', 'Darron_Roberson@example.com', '2155 Market Street, Little Rock, Arkansas, 77937', '34465', NULL, NULL, '768f8e64-7d10-20c9-967d-e8c757976496', '7c4f14d8-66fb-14ae-198f-6354f958f4c0', '84069', 'Hồ Chí Minh', 'MB', '(392) 657-9315'),
('78b1d514-338c-3cdc-8641-c1ec321fe728', 'NV071', 'Nguyễn Văn Thái ', '2021-05-04 12:58:35', 'Bùi Minh Trường ', '2021-12-08 14:46:58', 'Võ Ngọc Mạnh ', 2, '1978-01-29 00:00:00', '(600) 635-4460', 'AbigailDunning59@example.com', '422 Hidden Chapel Hill Court, Raleigh, North Carolina, 74376', '00249', '2016-10-23 17:44:35', 'Hà Nội', '768f8e64-7d10-20c9-967d-e8c757976496', '7c4f14d8-66fb-14ae-198f-6354f958f4c0', '44887', 'Đà Nẵng', 'TECH', '(198) 125-6500'),
('7976650d-4e86-2615-8c41-c1ec321fe728', 'NV023', 'Lê Minh Tuấn ', '2022-03-28 15:22:37', 'Nông Văn Thái ', '2021-10-22 20:07:45', 'Trịnh Văn Cường ', 2, '1988-04-05 00:00:00', '(488) 922-5801', 'Gough@nowhere.com', '107 W Cedar Tree Road, Victor Executive Bldg, Denver, Colorado, 13399', '24843', '2017-03-06 19:48:14', NULL, '469b3ece-744a-45d5-957d-e8c757976496', '7c4f14d8-66fb-14ae-198f-6354f958f4c0', '08644', 'Hồ Chí Minh', 'TECH', '(297) 916-0081'),
('79806d6f-4830-6311-2577-d9ebc53aac3d', 'NV223', 'Mai Tuấn Hương ', '2021-01-01 00:10:43', 'Nguyễn Minh Hoàng ', '2022-03-09 18:18:28', 'Nguyễn Ngọc Thành ', 2, '1953-10-04 00:00:00', '(856) 462-1352', 'Dayton@example.com', '2772 N Riverside Ave, Helena, MT, 96863', '33967', '2018-04-30 05:24:03', 'Hồ Chí Minh', '4577565a-7e3e-493a-74dd-867949feb8b5', '3f8e6896-4c7d-15f5-a018-75d8bd200d7c', '18620', 'Hồ Chí Minh', 'BIDV', '(277) 519-1754'),
('79dadd0d-69fa-5e30-35c2-579daad24557', 'NV8', 'Nguyễn Minh Thành ', '2021-04-16 21:31:02', NULL, NULL, 'Nguyễn  Thị Ngọc', 1, '1999-08-31 00:00:00', '(193) 544-9117', 'looc6@example.com', '2908 New Prospect Hill Dr, 89th FL, Dover, DE, 16121', '25925', '2021-06-02 09:56:37', 'Đà Nẵng', '11452b0c-768e-5ff7-0d63-eeb1d8ed8cef', '3f8e6896-4c7d-15f5-a018-75d8bd200d7c', '27608', NULL, 'MB', NULL),
('7a1114ad-76c4-3734-1f77-d9ebc53aac3d', 'NV091', 'Nguyễn Minh Thuận ', '2021-08-02 19:26:51', 'Nguyễn Minh Ngọc ', '2021-01-01 00:00:09', 'Nguyễn Văn Trường ', 1, '1975-11-25 00:00:00', '(512) 235-3897', 'xtjlpw4@example.com', '842 NW Quailwood Cir, Oklahoma City, Oklahoma, 15503', '80720', '2015-05-25 18:01:34', 'Đà Nẵng', '469b3ece-744a-45d5-957d-e8c757976496', '6f45e010-3200-5943-27a8-6d513e380bde', '55427', 'Hồ Chí Minh', 'BIDV', '(532) 165-9956'),
('7a301ea4-331e-73f6-1a77-d9ebc53aac3d', 'NV228', 'Nguyễn Thái Mạnh ', '2021-01-01 00:50:37', 'Nguyễn Minh Tuấn ', '2021-08-29 01:11:40', 'Nông Văn Thái ', 1, '1960-04-24 00:00:00', '(467) 225-3273', 'CaritaHSchmitz@nowhere.com', '2515 Rushwood Ct, Montgomery, AL, 23527', '77836', '2015-01-01 00:06:04', 'Đà Nẵng', '4e272fc4-7875-78d6-7d32-6a1673ffca7c', '3f8e6896-4c7d-15f5-a018-75d8bd200d7c', '11560', 'Hà Nội', 'TECH', '(221) 854-2152'),
('7ad34860-1ac8-7ad7-d01d-086412a8ea97', 'NV181', 'Nguyễn Thái Ngọc ', '2021-01-01 00:00:07', 'Lê Ngọc Minh ', '2021-01-01 00:00:04', 'Võ Thái Hoàng ', 2, '1952-01-07 00:00:00', '(164) 563-1078', 'Barrett_Mcgowan@example.com', '1964 NE Rose Hill Lane, Columbia, South Carolina, 97413', '56780', '2015-01-01 00:09:08', 'Hồ Chí Minh', '17120d02-6ab5-3e43-18cb-66948daf6128', '7c4f14d8-66fb-14ae-198f-6354f958f4c0', '63492', 'Đà Nẵng', 'BIDV', '(495) 651-7081'),
('7b666cc3-1b67-6037-67f6-423b4e874d0f', 'NV252', 'Lê Văn Bằng ', '2022-07-25 11:18:18', 'Nguyễn Tuấn Ngọc ', '2022-10-10 02:30:12', 'Nguyễn  Thị Mai', 2, '1973-03-07 00:00:00', '(782) 164-8595', 'Abel313@example.com', '63 Pine Tree Ave, Judge Building, Lansing, Michigan, 06118', '85342', '2015-01-01 00:00:07', NULL, '469b3ece-744a-45d5-957d-e8c757976496', NULL, '92549', 'Hồ Chí Minh', 'AGRIBANK', '(568) 014-4771'),
('7bd9cf39-3f55-3a7b-0035-60b3ebf808a9', 'NV222', 'Nguyễn Văn Hương ', '2022-10-04 05:10:48', 'Mai  Thị Hường', '2021-04-20 03:56:50', 'Nguyễn Tuấn Anh ', 2, '1967-11-30 00:00:00', '(748) 666-0948', 'mnksgeiq8021@example.com', '296 SW Rockwood Blvd, Comcast Building, Saint Paul, Minnesota, 63918', '52349', '2021-12-12 02:14:11', 'Hồ Chí Minh', '768f8e64-7d10-20c9-967d-e8c757976496', '647a538e-630d-39cd-0144-e5a214c15aa7', '72825', 'Hồ Chí Minh', 'TECH', '(519) 896-1274'),
('7c1ae6ac-6c72-7436-2dc2-579daad24557', 'NV209', 'Nguyễn Việt Mạnh ', '2022-03-17 21:26:15', NULL, NULL, 'Lê Việt Tuấn ', 1, '1957-02-26 00:00:00', '(341) 787-2195', 'jfhbwpxk.jxmonkyjvl@example.com', '55 Rockwood Parkway, Plaza Bldg, Salt Lake City, Utah, 30352', '62852', '2018-01-02 00:29:22', NULL, '469b3ece-744a-45d5-957d-e8c757976496', '35e773ea-5d44-2dda-26a8-6d513e380bde', '85534', NULL, 'BIDV', NULL),
('7e61a689-2cd8-340e-2677-d9ebc53aac3d', 'NV235', 'Nguyễn Ngọc Cường ', '2021-01-01 01:36:17', 'Nguyễn Minh Mạnh ', '2021-07-06 19:38:28', 'Mai  Thị Lệ', 3, '1967-10-25 00:00:00', '(302) 899-4920', 'CarolLilley@example.com', '3184 Mountain Ct, Madison, Wisconsin, 65115', '19012', '2019-10-27 12:28:54', NULL, '4e272fc4-7875-78d6-7d32-6a1673ffca7c', '45ac3d26-18f2-18a9-3031-644313fbb055', '36274', 'Hà Nội', 'AGRIBANK', '(460) 357-1318'),
('7f1b6c7c-2b74-3ebb-31c2-579daad24557', 'NV248', 'Nguyễn Văn Thanh ', '2022-06-19 09:31:48', 'Mai Văn Tuấn ', '2022-02-06 14:28:32', 'Nguyễn Tuấn Bằng ', 1, '1992-02-27 00:00:00', '(189) 156-1406', 'kwmfds89@example.com', '1979 Rockwood Hwy, Judge Building, Augusta, ME, 40351', '94796', '2015-01-01 00:01:40', NULL, '4577565a-7e3e-493a-74dd-867949feb8b5', '7c48a057-3c21-3db0-06a4-60fcae00630c', '91978', 'Hà Nội', 'MB', '(434) 557-6311');

-- 
-- Dumping data for table request
--
INSERT INTO request VALUES
('12a88562-3ee7-6126-0089-479bce9b28fc', '33ec4fea-4c03-3191-3ec2-579daad24557', '28cd1599-63bf-785f-4f80-7ed9d1ea06ea', 2, '2021-01-01 01:22:47', '2022-04-29 18:19:06', 'Lý do làm thêm ', '2022-04-25 21:32:59', '2015-11-11 15:26:01', '1975-12-20 03:22:49', 2, '2021-01-01 00:05:28', 'Nguyễn Việt Thanh ', '2021-04-18 20:48:41', 'Bùi Văn Trường ', 1),
('13c0b182-1df7-3642-985e-60fe4d31c979', '2107e2a5-49f8-237b-5780-7ed9d1ea06ea', '5fab4ff7-1b8e-64d0-1880-de64d090a2c2', 2, '2022-04-17 06:43:02', '2022-03-15 05:55:09', ' Làm bù nghỉ phép', '2022-01-06 23:30:19', '2012-09-26 05:35:43', '1970-01-01 00:00:03', 3, '2021-01-01 00:01:22', 'Võ Tuấn Anh ', '2022-05-10 05:08:09', 'Nguyễn Việt Cường ', 1),
('14e4a272-4b6c-2c6f-9e5e-60fe4d31c979', '22f0091b-523a-6c8e-4c35-0028ed526dd0', '324ac33a-77c5-13a5-0535-60b3ebf808a9', 3, '2021-01-01 00:07:07', '2022-09-30 08:47:36', ' Làm bù nghỉ phép', '2021-10-14 07:20:25', '1973-09-17 10:03:55', '2010-04-15 13:32:00', 2, '2022-01-11 20:05:36', 'Trịnh Thái Thanh ', '2022-04-16 09:36:51', 'Nguyễn Thái Thuận ', 1),
('150c9342-1342-796c-d9eb-e423f1575e00', '405d596c-21be-7e1a-3dc2-579daad24557', '3cc7be2d-6406-4b95-3cc2-579daad24557', 3, '2021-01-01 00:00:05', '2022-07-03 15:50:47', 'Lý do làm thêm ', '2021-04-22 23:35:31', NULL, '1970-01-01 00:00:53', 1, '2021-01-01 00:00:19', 'Bùi Tuấn Thanh ', '2021-01-01 00:34:30', 'Nguyễn Văn Trường ', 1),
('153105e0-6702-29ed-7632-03c92da59c43', '212a5f62-4eb8-203c-4035-0028ed526dd0', '611bb57c-5f6c-434c-c5d2-89b22d10517e', 2, '2021-01-01 00:00:04', '2022-05-23 02:56:00', ' Dự án sắp đẩy lên product ', '2021-01-01 00:13:13', '1971-06-10 06:31:35', '1970-05-31 02:37:59', 3, '2022-06-19 15:38:02', 'Mai Ngọc Bằng ', '2022-02-08 21:23:46', 'Võ Minh Anh ', 1),
('159e66e7-2fc5-4ad5-dbeb-e423f1575e00', '57cdf8c4-47e3-5560-7e41-c1ec321fe728', '57dc4273-5c51-4aea-4d35-0028ed526dd0', 3, '2021-08-05 13:20:30', '2022-05-12 11:52:16', ' Dự án sắp đẩy lên product ', '2021-04-04 17:03:21', '1970-01-01 00:04:24', '1970-01-01 00:00:05', 1, '2021-01-01 00:00:51', 'Nguyễn Ngọc Minh ', '2021-01-01 00:04:56', 'Lê Minh Cường ', 1),
('16afd7c7-6e10-33ca-b3a9-deaf32c96293', '2872c174-68d3-29c1-4935-0028ed526dd0', '4bf9ecda-2d8e-1724-1d80-de64d090a2c2', 2, '2021-01-01 00:01:16', '2022-01-18 18:46:10', ' Dự án sắp đẩy lên product ', '2021-05-12 15:02:54', '1976-09-02 09:17:26', '1970-01-01 00:12:03', 3, '2021-01-01 00:13:54', 'Nguyễn Văn Bằng ', '2021-10-05 05:41:13', 'Nguyễn Ngọc Thái ', 1),
('16c1b62f-1f00-1827-945e-60fe4d31c979', '3f7028bf-3771-75c5-2380-de64d090a2c2', '3d18d4c2-2f39-3dce-d61d-086412a8ea97', 1, '2021-01-01 00:00:53', '2022-03-17 01:18:39', ' Dự án sắp đẩy lên product ', '2022-09-08 20:52:01', '2009-04-06 17:02:13', '1970-01-01 01:01:16', 1, '2021-01-01 00:00:08', 'Nguyễn Văn Bằng ', '2021-12-18 01:24:53', 'Nguyễn Thái Cường ', 1),
('171309a7-1b22-21fa-9adb-f21ac591aca5', '57dc4273-5c51-4aea-4d35-0028ed526dd0', '4c61c74b-4a9f-769e-0d35-60b3ebf808a9', 2, '2022-09-14 06:18:37', '2022-01-01 00:00:02', ' Khách yêu cầu gấp ', '2021-11-16 16:09:57', '1988-12-23 01:19:40', '2006-05-12 03:14:36', 4, '2021-11-19 02:38:59', 'Nguyễn Tuấn Tuấn ', '2021-01-01 00:05:23', NULL, NULL),
('174ffc6c-4080-4bc3-a126-71cca92946bf', '233d36ab-4bd0-431e-78f6-423b4e874d0f', '15acfdfd-12d7-52f6-2777-d9ebc53aac3d', 3, '2021-01-01 00:00:01', '2022-10-04 22:36:10', ' Khách yêu cầu gấp ', '2021-09-03 16:04:17', '1982-10-21 03:00:43', '1970-01-01 00:00:01', 3, '2021-02-06 08:14:03', 'Trân Ngọc Cường ', '2022-03-30 18:01:02', 'Nguyễn Văn Thành ', 1),
('18abd72d-12e2-25c0-d4eb-e423f1575e00', '48147636-7e8f-6939-2580-de64d090a2c2', '34d0e3b5-6d5f-1fd7-0635-60b3ebf808a9', 1, '2021-01-01 00:11:24', '2022-03-31 02:24:29', ' Làm bù nghỉ phép', '2022-01-20 11:56:08', '1970-01-01 00:10:48', '1970-01-01 01:36:53', 3, '2021-01-01 01:48:41', 'Võ Minh Thái ', '2021-01-01 00:01:33', 'Nguyễn Tuấn Tuấn ', 1),
('19029793-2caa-7372-e03d-c9e9e9038fe2', '7ad34860-1ac8-7ad7-d01d-086412a8ea97', '2c06d3cb-7ef7-4462-5e80-7ed9d1ea06ea', 1, '2022-01-18 01:14:33', '2022-01-02 21:30:19', 'Lý do làm thêm ', '2022-09-23 15:25:20', '2007-01-09 18:42:45', '1970-01-01 01:26:22', 4, '2021-08-09 04:06:45', 'Mai Thái Hiếu ', '2021-01-01 00:06:24', 'Bùi Ngọc Thanh ', NULL),
('1944b789-48b3-5241-f588-479bce9b28fc', '50b49b1f-3df8-4b52-db1d-086412a8ea97', '6485b64f-7835-65a4-8041-c1ec321fe728', 3, '2021-08-24 16:07:37', '2022-07-05 04:18:36', 'Lý do làm thêm ', '2021-01-01 00:09:49', '1989-05-18 20:28:13', '1978-02-04 11:35:09', 2, '2022-02-13 02:20:52', 'Lê Tuấn Thái ', '2021-07-22 18:45:33', 'Nguyễn Văn Trường ', 1),
('194c2f1d-31f6-7a56-9bdb-f21ac591aca5', '4c9ebdde-5f9a-58dd-4235-0028ed526dd0', '192b3b9d-5e60-3b13-5b80-7ed9d1ea06ea', 1, '2021-06-20 18:50:06', '2022-01-01 00:00:07', ' Dự án sắp đẩy lên product ', '2021-01-01 00:01:27', NULL, '1989-01-27 23:18:59', 1, '2021-02-18 04:37:43', 'Lê Văn Mạnh ', '2022-08-27 05:17:25', 'Nguyễn Minh Ngọc ', 1),
('19dcd937-4b93-69f4-f236-63d5d5eff719', '1e5e96fa-5d7a-599d-27c2-579daad24557', '65ecf5c2-5298-156e-d51d-086412a8ea97', 1, '2021-05-14 19:13:17', '2022-04-14 15:05:55', ' Làm bù nghỉ phép', '2021-01-01 00:08:04', '1984-12-04 05:21:45', '1996-02-02 10:04:48', 3, '2021-09-28 20:35:56', 'Nguyễn Văn Bằng ', '2021-03-23 23:49:12', 'Nguyễn Văn Hoàng ', 1),
('1a7bd204-5ef2-598b-9f7d-817a123d365d', '677132b4-2a33-68d1-26c2-579daad24557', '3abffc51-2a43-18c6-6cf6-423b4e874d0f', 1, '2021-06-30 03:45:58', '2022-01-01 00:05:58', 'Lý do làm thêm ', '2021-01-01 00:00:10', '1992-12-27 15:29:52', '1973-01-21 19:09:41', 1, NULL, 'Lê Ngọc Thành ', '2021-01-08 10:42:24', 'Nguyễn Tuấn Hoàng ', 1),
('1ae1fc8d-3cd6-7f4e-a226-71cca92946bf', '32d33559-61a5-4afd-d91d-086412a8ea97', '79806d6f-4830-6311-2577-d9ebc53aac3d', 2, '2022-08-29 06:43:11', '2022-01-01 00:00:10', ' Khách yêu cầu gấp ', '2021-01-01 02:07:36', '1989-05-07 02:40:56', '1970-01-01 02:10:09', 3, '2021-01-01 00:49:10', 'Nguyễn Văn Hiếu ', '2021-04-14 02:52:53', 'Lê Việt Ngọc ', 1),
('1ae9d1f2-42e6-51b8-aa26-71cca92946bf', '613afd47-2fc1-15ed-0735-60b3ebf808a9', '11a8748f-3464-740c-28c2-579daad24557', 3, '2022-05-29 21:42:22', '2022-05-09 05:29:38', 'Lý do làm thêm ', '2021-01-01 00:00:07', NULL, '1970-01-01 00:01:29', 4, NULL, 'Nguyễn Việt Bằng ', '2021-01-01 00:12:55', 'Nguyễn Ngọc Ngọc ', NULL),
('1b07cb9d-5d72-7da0-7a32-03c92da59c43', '5c85f9f2-1de1-4f0a-3e35-0028ed526dd0', '35c3a053-254d-33f3-1b80-de64d090a2c2', 2, '2021-01-01 00:00:14', '2022-01-01 00:15:42', ' Khách yêu cầu gấp ', '2021-01-01 00:01:21', '1970-01-01 00:24:42', '1970-01-01 00:01:30', 4, '2021-01-01 00:12:49', NULL, '2021-01-01 00:01:07', 'Nguyễn Minh Minh ', NULL),
('1be69f15-643e-70f9-937d-817a123d365d', '42a13e31-2abb-6171-dc1d-086412a8ea97', '6b550b8f-7ff9-51bc-0f77-d9ebc53aac3d', 2, '2021-01-01 01:09:37', '2022-01-01 00:00:04', 'Lý do làm thêm ', '2021-01-01 00:01:44', '1970-01-01 00:01:28', '2013-12-26 08:59:04', 3, '2022-09-23 01:42:44', 'Nguyễn Minh Trường ', '2021-01-01 00:00:19', 'Nguyễn  Diễm Hương', 1),
('1c244763-155a-7895-ff88-479bce9b28fc', '481183cb-5a6c-795b-68f6-423b4e874d0f', '3fc4ed08-1219-1c6d-5480-7ed9d1ea06ea', 1, '2022-09-20 05:27:16', '2022-01-01 01:20:23', 'Lý do làm thêm ', '2022-07-16 20:15:56', '1978-07-22 22:15:56', '1989-10-26 19:53:31', 1, '2022-04-21 19:29:41', 'Nguyễn Ngọc Hiếu ', '2021-01-01 00:13:05', 'Nguyễn Văn Hoàng ', 1),
('1c7df6d5-2562-1b7b-afa9-deaf32c96293', '7a1114ad-76c4-3734-1f77-d9ebc53aac3d', '6c5b9fe7-14c9-3bb5-b4d2-89b22d10517e', 2, '2021-01-01 01:00:57', '2022-10-19 04:31:01', ' Dự án sắp đẩy lên product ', '2021-01-01 00:00:58', '1998-03-15 17:57:50', '1989-02-26 00:13:51', 4, '2021-01-01 00:00:09', 'Mai Thái Hương ', '2021-05-26 18:45:59', 'Hoàng Tuấn Trường ', NULL),
('1cab3f5f-2daa-759f-e936-63d5d5eff719', '6b550b8f-7ff9-51bc-0f77-d9ebc53aac3d', '244b1b16-56fc-1f92-73f6-423b4e874d0f', 2, '2022-05-12 03:02:15', '2022-08-31 02:25:19', ' Làm bù nghỉ phép', '2021-01-01 00:00:58', '2015-11-19 03:20:41', '1991-08-27 20:41:07', 2, '2021-01-01 00:00:05', 'Nguyễn Văn Tuấn ', '2021-09-24 02:12:03', 'Lê Việt Trường ', 1),
('1cd3c54b-3dbf-74c5-b326-71cca92946bf', '3abffc51-2a43-18c6-6cf6-423b4e874d0f', '5697b103-5179-7ac3-d31d-086412a8ea97', 1, '2021-01-29 12:49:57', '2022-01-01 00:00:01', ' Khách yêu cầu gấp ', '2022-03-22 17:59:40', NULL, '1970-06-23 03:20:14', 4, '2022-06-03 10:17:37', 'Lê Minh Tuấn ', '2022-03-26 05:58:56', 'Mai Tuấn Mạnh ', NULL),
('1f891a9c-7855-121e-957d-817a123d365d', '3cb58bb5-2fd7-6c15-8741-c1ec321fe728', '4efc95ad-2cc2-3f45-bed2-89b22d10517e', 3, '2021-05-23 12:27:13', '2022-01-01 02:18:22', 'Lý do làm thêm ', '2021-07-22 06:27:18', NULL, '1970-01-01 00:06:59', 2, '2021-08-22 07:32:09', 'Nông Thái Thanh ', '2021-11-25 17:50:15', 'Lê Việt Mạnh ', 1),
('1fda0f97-789f-3a44-a526-71cca92946bf', '619ecbc4-37bc-19ea-6ff6-423b4e874d0f', '12e1b096-3542-127a-1077-d9ebc53aac3d', 3, '2022-05-18 22:57:04', '2022-03-21 03:24:21', ' Làm bù nghỉ phép', '2021-01-01 00:00:30', '1990-03-04 00:32:34', '1983-11-23 08:02:51', 2, '2021-01-01 02:12:08', 'Nguyễn Văn Mạnh ', '2021-05-31 19:59:29', 'Nguyễn Văn Ngọc ', 1),
('2102924a-510c-7251-a026-71cca92946bf', '12e1b096-3542-127a-1077-d9ebc53aac3d', '18bbd5d8-6c2d-154c-bad2-89b22d10517e', 3, '2021-01-01 00:00:04', '2022-01-01 00:03:18', ' Khách yêu cầu gấp ', '2021-01-16 10:54:55', '2010-03-08 09:05:53', '1970-01-01 01:36:19', 3, '2021-01-01 00:42:09', 'Nguyễn Văn Tuấn ', '2021-10-29 21:57:48', 'Nguyễn Tuấn Anh ', 1),
('2171ff37-997c-4001-adf6-449fba3e4321', '4c9ebdde-5f9a-58dd-4235-0028ed526dd0', '4c9ebdde-5f9a-58dd-4235-0028ed526dd0', 2, '2022-11-02 01:17:00', '2022-11-02 02:06:00', 'Kiêm tra', '2022-11-01 11:06:28', NULL, NULL, 4, '2022-11-02 15:11:28', 'Admin', '2022-11-02 15:11:28', 'Admin', NULL),
('2225bcef-6938-2dd1-927d-817a123d365d', '350cf027-3245-532d-bcd2-89b22d10517e', '56aaf263-3355-23ea-b8d2-89b22d10517e', 2, '2021-01-01 00:00:06', '2022-03-27 16:00:23', ' Làm bù nghỉ phép', '2022-07-17 06:52:39', '2015-08-13 18:01:02', '1985-11-05 08:03:18', 3, '2022-08-25 17:48:35', 'Nguyễn Ngọc Thái ', '2021-01-01 00:01:36', 'Nguyễn Văn Mạnh ', 1),
('222c4457-1711-14da-e73d-c9e9e9038fe2', '4bf9ecda-2d8e-1724-1d80-de64d090a2c2', '5c7f0ec4-77f2-3794-cf1d-086412a8ea97', 2, '2021-01-01 00:00:29', '2022-01-01 00:04:35', 'Lý do làm thêm ', '2021-01-01 00:38:24', '1979-08-18 10:54:50', '2003-04-14 22:47:18', 4, '2021-08-07 06:56:02', 'Bùi Thái Thanh ', '2021-01-01 00:03:43', 'Nguyễn Ngọc Tuấn ', NULL),
('22774f82-4470-15ae-dfeb-e423f1575e00', '6d7def1b-4b7e-52aa-8f41-c1ec321fe728', '197fda97-5a35-781d-0e77-d9ebc53aac3d', 2, '2021-01-04 09:29:47', '2022-03-03 02:56:46', ' Khách yêu cầu gấp ', '2021-01-01 00:01:09', '1970-01-01 00:00:45', '1970-01-01 00:00:42', 1, '2021-01-01 00:03:49', 'Trịnh Thái Thanh ', '2021-01-01 00:00:02', NULL, 1),
('22b76c4f-5682-1a9d-e63d-c9e9e9038fe2', '22bba567-6206-6bf1-0c35-60b3ebf808a9', '4029deb6-568c-284f-8941-c1ec321fe728', 3, '2021-01-01 01:09:44', '2022-09-12 08:02:58', ' Dự án sắp đẩy lên product ', '2021-11-16 10:05:03', '1973-11-09 20:20:50', '1971-01-07 19:33:55', 2, '2022-06-21 21:17:56', 'Nguyễn Minh Hiếu ', '2022-06-13 08:09:07', NULL, 1),
('23060425-29ea-366e-917d-817a123d365d', '4f65f6c1-4525-16e5-4135-0028ed526dd0', '14aa1334-3d35-32c4-30c2-579daad24557', 3, '2021-01-01 01:59:21', '2022-06-27 00:02:27', 'Lý do làm thêm ', '2022-03-15 17:39:00', '1970-01-01 00:00:05', '2012-02-11 12:38:12', 2, '2022-03-18 00:00:20', NULL, '2021-01-29 19:53:50', 'Nguyễn Việt Thành ', 1),
('25ffbb31-31f9-4557-8c32-03c92da59c43', '2f43fc9d-1f7a-25fc-5280-7ed9d1ea06ea', '762cf9e5-356b-56d7-5f80-7ed9d1ea06ea', 2, '2021-10-21 06:13:07', '2022-01-01 00:00:03', ' Khách yêu cầu gấp ', '2021-04-17 15:54:52', NULL, '1987-01-06 22:40:28', 1, '2021-01-01 00:00:07', 'Nguyễn Tuấn Mạnh ', '2021-05-02 19:04:32', 'Nguyễn Việt Tuấn ', 1),
('271bb328-6af8-480e-9d5e-60fe4d31c979', '6a50ecc3-384e-2a54-2177-d9ebc53aac3d', '5edb2be2-7849-4909-c2d2-89b22d10517e', 1, '2022-02-25 01:49:23', '2022-01-01 00:00:03', ' Làm bù nghỉ phép', '2021-02-12 23:17:44', '1975-09-23 19:47:04', '1973-09-07 17:27:32', 4, '2021-08-06 15:22:14', 'Lê Văn Bằng ', '2022-05-23 13:59:35', 'Nguyễn Tuấn Bằng ', NULL),
('28f8d5a1-44e8-3c10-ada9-deaf32c96293', '762cf9e5-356b-56d7-5f80-7ed9d1ea06ea', '234865cb-5d80-7244-70f6-423b4e874d0f', 1, '2022-02-22 10:29:29', '2022-09-25 05:34:52', ' Làm bù nghỉ phép', '2022-04-16 05:42:01', '1970-01-01 00:00:06', '1991-08-09 12:37:56', 4, '2022-08-11 20:35:20', 'Mai Minh Cường ', '2021-01-05 07:46:23', NULL, NULL),
('291e8823-3ea0-3859-ddeb-e423f1575e00', '5f03d745-7702-1c85-2bc2-579daad24557', '1518ced5-6993-37f8-6180-7ed9d1ea06ea', 3, '2022-10-06 09:39:56', '2022-05-15 13:12:16', ' Khách yêu cầu gấp ', '2021-01-01 00:00:09', '1994-01-16 05:58:53', '1970-01-01 00:42:06', 2, '2022-08-15 19:09:16', 'Nguyễn Văn Hương ', '2021-01-17 20:52:53', 'Nguyễn Ngọc Cường ', 1),
('29972e0f-3736-5a0e-9c7d-817a123d365d', '6d489b13-7396-7986-1577-d9ebc53aac3d', '5eaa6527-768d-3ae7-1977-d9ebc53aac3d', 3, '2021-01-01 01:55:33', '2022-01-01 00:16:13', ' Khách yêu cầu gấp ', '2021-01-01 00:01:26', '2002-12-16 20:44:52', '1970-01-01 00:00:06', 1, NULL, 'Bùi Việt Mạnh ', '2021-05-14 09:21:37', 'Nguyễn  Mai Giang', 1),
('29bf591d-4585-1a02-987d-817a123d365d', '4989ff24-23e7-7b82-b6d2-89b22d10517e', '7a301ea4-331e-73f6-1a77-d9ebc53aac3d', 2, '2021-01-01 01:54:01', '2022-01-24 15:08:12', ' Làm bù nghỉ phép', '2021-01-01 00:00:10', '2006-12-16 23:44:41', '2006-06-26 18:09:10', 3, '2022-05-13 15:51:49', 'Mai Văn Mạnh ', '2021-09-28 17:40:16', 'Nguyễn Thái Bằng ', 1),
('2a2d5109-5953-25d4-ac26-71cca92946bf', '1fecd07f-2488-638c-8141-c1ec321fe728', '60fa924e-77de-55f3-2377-d9ebc53aac3d', 2, '2022-06-17 23:03:11', '2022-01-18 13:03:05', ' Khách yêu cầu gấp ', '2022-03-26 14:34:42', '1980-11-24 19:56:37', NULL, 3, '2022-04-03 05:41:35', 'Nguyễn Tuấn Cường ', '2021-04-26 05:14:41', 'Nguyễn Tuấn Hoàng ', 1),
('2adb3f03-1e93-3e6a-d7eb-e423f1575e00', '4d536cce-31bf-335e-bfd2-89b22d10517e', '7ad34860-1ac8-7ad7-d01d-086412a8ea97', 1, '2022-02-08 03:25:00', '2022-08-03 13:19:22', ' Khách yêu cầu gấp ', '2021-02-28 12:23:32', '1990-06-23 10:12:35', '1970-01-01 01:07:28', 4, '2021-11-29 07:59:18', 'Trịnh Ngọc Minh ', '2021-01-01 00:08:16', 'Nguyễn Văn Anh ', NULL),
('2b827482-6468-194f-8032-03c92da59c43', '592aba45-4643-52ff-c1d2-89b22d10517e', '51c6e7d3-53bf-49ae-8a41-c1ec321fe728', 1, '2022-02-28 03:49:05', '2022-07-21 06:33:59', 'Lý do làm thêm ', '2021-05-14 14:15:03', '2000-04-15 02:56:53', '2003-02-04 22:23:29', 3, '2022-05-19 17:07:57', 'Nguyễn Ngọc Mạnh ', '2021-01-01 01:47:14', 'Võ Thái Hoàng ', 1),
('2bb76180-3262-769d-7b32-03c92da59c43', '3304dddb-1b72-607f-25c2-579daad24557', '41f1acba-3177-4b1c-c4d2-89b22d10517e', 2, '2022-05-17 02:02:24', '2022-01-01 01:46:01', ' Làm bù nghỉ phép', '2021-01-01 00:00:07', '1992-06-05 06:02:18', '2003-09-02 09:24:44', 2, '2022-06-27 03:12:02', 'Lê Ngọc Trường ', '2021-01-01 00:10:07', 'Nguyễn Văn Minh ', 1),
('2dcae7f1-5e5e-6af4-fc88-479bce9b28fc', '395826c8-15a0-31f9-5980-7ed9d1ea06ea', '2872c174-68d3-29c1-4935-0028ed526dd0', 1, '2021-04-28 16:50:43', '2022-07-26 04:41:38', 'Lý do làm thêm ', '2021-01-01 00:00:05', '2005-03-27 13:58:25', NULL, 4, '2022-08-06 22:19:51', 'Trân Thái Hương ', '2022-03-19 08:28:18', 'Nguyễn Việt Hiếu ', NULL),
('2df71844-59cd-1895-98db-f21ac591aca5', '7c1ae6ac-6c72-7436-2dc2-579daad24557', '56dce332-76f0-6b9b-5080-7ed9d1ea06ea', 3, '2021-02-09 23:43:59', '2022-03-02 01:31:08', 'Lý do làm thêm ', '2022-01-11 00:20:41', '1993-09-25 08:27:46', '2014-02-03 15:17:18', 3, '2021-01-01 00:01:13', 'Trân Việt Cường ', '2021-01-01 00:00:15', NULL, 1),
('2ebdc746-5fc2-1300-f736-63d5d5eff719', '67e3818b-56b7-4eb0-5c80-7ed9d1ea06ea', '78b1d514-338c-3cdc-8641-c1ec321fe728', 3, '2021-05-16 00:12:03', '2022-09-08 03:54:35', ' Dự án sắp đẩy lên product ', '2021-02-18 16:49:22', '1978-01-01 07:58:08', '2017-08-01 06:22:53', 4, '2022-09-01 17:59:09', 'Nguyễn Ngọc Thanh ', '2022-08-14 14:09:53', 'Nguyễn Thái Cường ', NULL),
('2f3babb1-4667-4653-96db-f21ac591aca5', '14aa1334-3d35-32c4-30c2-579daad24557', '3304dddb-1b72-607f-25c2-579daad24557', 1, '2022-05-11 19:21:24', '2022-02-26 11:48:16', ' Làm bù nghỉ phép', '2021-01-01 00:00:02', '1970-01-01 01:16:35', '1983-11-13 02:53:20', 3, '2022-08-27 04:42:19', NULL, NULL, 'Nguyễn Minh Minh ', 1),
('2f92f5b5-4762-7607-947d-817a123d365d', '56dce332-76f0-6b9b-5080-7ed9d1ea06ea', '22bba567-6206-6bf1-0c35-60b3ebf808a9', 3, '2021-01-01 00:04:05', '2022-05-08 22:46:55', ' Khách yêu cầu gấp ', '2022-10-15 01:36:36', '1999-10-31 07:55:12', '1994-03-22 12:05:55', 2, '2021-02-11 13:14:32', 'Nông Tuấn Tuấn ', '2021-01-01 00:00:04', 'Nguyễn Ngọc Cường ', 1),
('30d6ca2d-16e2-61ea-a7a9-deaf32c96293', '7e61a689-2cd8-340e-2677-d9ebc53aac3d', '143e4110-751a-5474-1f80-de64d090a2c2', 1, '2021-05-15 06:11:58', '2022-05-14 09:49:56', 'Lý do làm thêm ', '2021-08-02 00:11:14', '1998-12-19 17:25:55', '1984-04-08 00:58:40', 4, '2022-10-04 03:40:16', 'Trịnh  Thị Mai', '2022-05-20 01:45:24', NULL, NULL),
('33cb82bf-3ae2-5d80-a6a9-deaf32c96293', '50c07587-55d5-5b36-1b77-d9ebc53aac3d', '1b05fdba-145b-7ab0-8d41-c1ec321fe728', 2, '2022-04-14 05:50:49', '2022-08-20 20:58:41', ' Khách yêu cầu gấp ', '2021-01-01 00:01:40', '1985-07-17 13:01:45', '1991-06-22 07:57:11', 1, '2022-01-21 10:23:13', 'Nguyễn Ngọc Trường ', '2021-01-08 12:47:15', 'Nguyễn Văn Mạnh ', 1),
('33cd195b-7479-4fe2-b1a9-deaf32c96293', '1f85f165-3ed3-370a-b7d2-89b22d10517e', '707e1336-6584-55de-8341-c1ec321fe728', 2, '2021-11-27 14:03:53', '2022-01-24 23:56:34', ' Làm bù nghỉ phép', '2021-08-11 06:34:02', '1993-01-17 01:07:14', '1986-06-27 09:40:54', 3, '2021-05-21 19:29:58', 'Nguyễn Việt Cường ', '2021-09-15 04:43:16', 'Nguyễn Ngọc Ngọc ', 1),
('35276135-4344-4f3a-9b5e-60fe4d31c979', '3b668e3c-742f-4876-8e41-c1ec321fe728', '2efc0ff3-37c0-286f-bbd2-89b22d10517e', 3, '2021-01-01 00:01:16', '2022-01-01 00:11:53', ' Khách yêu cầu gấp ', '2021-05-30 09:03:02', '1994-12-11 20:46:52', '1982-01-01 10:20:10', 1, '2021-01-01 00:55:16', 'Nguyễn Văn Thành ', '2022-02-04 19:45:56', 'Nguyễn Tuấn Hoàng ', 1),
('3541ff76-58f0-6d1a-e836-63d5d5eff719', '527e293c-2185-6d0a-5580-7ed9d1ea06ea', '233d36ab-4bd0-431e-78f6-423b4e874d0f', 2, '2021-01-01 00:01:22', '2022-01-13 19:35:56', ' Dự án sắp đẩy lên product ', '2022-04-22 19:06:37', '2000-02-03 06:49:24', '1970-01-01 00:09:30', 2, '2021-01-22 06:56:25', 'Trịnh Văn Mạnh ', '2021-01-01 00:00:18', 'Võ  Thị Ngọc', 1),
('3616845e-7dac-7464-aba9-deaf32c96293', '6e3f7a8c-2f78-16a9-36c2-579daad24557', '5fb9392a-4ad5-1fe7-76f6-423b4e874d0f', 1, '2021-01-01 00:00:03', '2022-04-24 17:14:30', ' Dự án sắp đẩy lên product ', '2021-04-18 05:49:59', '1976-12-20 05:23:37', '2006-04-15 04:08:12', 2, NULL, 'Trịnh Văn Thành ', '2021-04-01 06:19:41', 'Nguyễn Việt Cường ', 1),
('36635f62-46f0-470e-b6a9-deaf32c96293', '395fb299-3c5f-46fe-8841-c1ec321fe728', '62563348-7bd5-6519-3c35-0028ed526dd0', 1, '2021-08-14 16:07:42', '2022-04-28 20:49:39', ' Làm bù nghỉ phép', '2021-09-01 23:08:19', NULL, '1992-02-06 21:59:23', 1, '2021-01-01 00:52:02', 'Mai Thái Hương ', '2022-04-08 05:32:59', 'Mai  Minh Diễm', 1),
('3735267c-70eb-3878-f888-479bce9b28fc', '28a16581-1fd1-546b-1677-d9ebc53aac3d', '6a50ecc3-384e-2a54-2177-d9ebc53aac3d', 2, '2021-01-01 00:00:10', '2022-01-01 02:01:37', ' Khách yêu cầu gấp ', '2021-05-18 04:35:47', NULL, '1970-01-01 00:01:19', 1, NULL, 'Lê Ngọc Tuấn ', '2021-01-01 00:00:09', NULL, 1),
('37f1aa54-3cd5-4644-a626-71cca92946bf', '70aead00-2db5-77f7-2277-d9ebc53aac3d', '73dc79e1-1ccb-35a6-0235-60b3ebf808a9', 1, '2022-06-01 18:22:21', '2022-01-01 00:00:01', 'Lý do làm thêm ', '2022-02-13 16:39:26', '1970-01-01 00:05:31', '1970-01-01 01:19:34', 4, '2021-04-10 13:31:49', 'Mai Văn Trường ', '2021-05-30 03:14:25', 'Nguyễn Tuấn Minh ', NULL),
('38db59c1-2473-535d-b8a9-deaf32c96293', '62563348-7bd5-6519-3c35-0028ed526dd0', '1f85f165-3ed3-370a-b7d2-89b22d10517e', 1, '2021-01-19 04:34:15', '2022-05-25 03:34:28', ' Dự án sắp đẩy lên product ', '2021-09-03 19:04:58', '1995-12-21 15:49:53', '1970-01-01 00:00:31', 4, '2022-09-10 12:34:04', 'Nguyễn Ngọc Bằng ', '2022-06-05 23:46:42', 'Trịnh Ngọc Bằng ', NULL),
('39446ba3-3071-7af6-a5a9-deaf32c96293', '595e7d51-318c-39e8-1377-d9ebc53aac3d', '76cc3313-3932-7e97-4635-0028ed526dd0', 2, '2021-12-11 10:44:36', '2022-06-14 20:15:55', 'Lý do làm thêm ', '2021-05-27 23:16:57', '1987-01-21 13:27:10', '2009-08-07 19:09:41', 1, '2021-02-28 06:09:04', NULL, NULL, 'Nguyễn Minh Hoàng ', 1),
('39b28de2-7aad-27f0-ab26-71cca92946bf', '5edb2be2-7849-4909-c2d2-89b22d10517e', '70aead00-2db5-77f7-2277-d9ebc53aac3d', 1, '2021-01-01 00:00:32', '2022-08-06 13:53:02', ' Khách yêu cầu gấp ', '2021-08-23 19:51:04', '2008-01-16 01:31:00', '1970-01-01 02:27:53', 2, '2022-04-08 00:43:12', 'Trân Văn Hương ', '2021-01-01 00:00:04', 'Trịnh Tuấn Tuấn ', 1),
('39ba9e8e-3051-2444-8432-03c92da59c43', '3d1266d8-49d7-3605-2477-d9ebc53aac3d', '17872e95-3d24-6d1a-32c2-579daad24557', 1, '2021-01-01 02:37:35', '2022-06-01 19:16:18', ' Làm bù nghỉ phép', '2021-08-14 02:42:11', '1977-03-25 03:16:09', NULL, 2, '2022-07-12 17:12:53', 'Trân Việt Thuận ', '2021-12-21 17:42:16', 'Trịnh Tuấn Hoàng ', 1),
('3a815850-6881-72da-7832-03c92da59c43', '407db4d1-222b-287d-0135-60b3ebf808a9', '1e5ce342-2eec-79a4-5380-7ed9d1ea06ea', 1, '2021-06-09 09:59:05', '2022-04-27 07:08:36', ' Dự án sắp đẩy lên product ', '2021-01-01 00:06:37', '2007-09-02 22:45:33', '1993-03-17 17:47:26', 4, '2022-03-27 03:57:13', 'Võ Tuấn Thanh ', '2021-04-03 12:13:17', 'Võ Minh Mạnh ', NULL),
('3c045b75-3adf-2457-a17d-817a123d365d', '5eaa6527-768d-3ae7-1977-d9ebc53aac3d', '6c80a684-1cb5-41af-ff34-60b3ebf808a9', 3, '2021-01-04 07:52:48', '2022-07-26 13:59:04', ' Làm bù nghỉ phép', '2021-01-01 00:00:09', '1987-04-03 09:05:15', '1970-01-01 00:06:12', 2, '2021-10-04 09:46:33', 'Trịnh Minh Trường ', '2021-01-01 00:01:04', NULL, 1),
('3c6e9c25-4690-381b-b2a9-deaf32c96293', '73dc79e1-1ccb-35a6-0235-60b3ebf808a9', '5de704c2-573f-1a71-1a80-de64d090a2c2', 3, '2021-07-02 14:12:41', '2022-07-02 18:38:15', ' Dự án sắp đẩy lên product ', '2021-06-15 15:00:05', '1975-07-28 19:38:22', '2011-09-20 21:54:56', 2, '2021-01-01 01:55:10', 'Nguyễn Thái Hiếu ', '2021-01-01 00:08:51', 'Nguyễn Thái Cường ', 1),
('3c7a0f7f-2303-6169-0189-479bce9b28fc', '26942456-25a8-5ec2-8b41-c1ec321fe728', '57cdf8c4-47e3-5560-7e41-c1ec321fe728', 2, '2022-10-04 21:24:31', '2022-06-06 02:10:25', 'Lý do làm thêm ', '2021-04-30 14:12:21', '1970-01-01 01:41:18', '1990-12-04 23:25:21', 2, '2022-08-03 05:22:31', 'Võ Thái Tuấn ', NULL, 'Nguyễn Ngọc Cường ', 1),
('3c9aed6f-2ec0-37fd-995e-60fe4d31c979', '45bd4aa1-3832-3db8-d21d-086412a8ea97', '35ec2e7b-17b3-1b63-6080-7ed9d1ea06ea', 2, '2021-01-01 00:00:03', '2022-05-19 15:34:04', ' Làm bù nghỉ phép', '2021-01-10 11:30:51', '1996-06-29 18:03:23', '1970-01-01 01:29:36', 1, '2021-04-22 00:07:22', 'Nguyễn Việt Bằng ', '2021-07-04 01:21:24', 'Hoàng  Diễm Giang', 1),
('3ce34b75-7471-4a49-8232-03c92da59c43', '4efc95ad-2cc2-3f45-bed2-89b22d10517e', '77d03350-6ba4-226c-77f6-423b4e874d0f', 2, '2021-01-01 00:00:04', '2022-07-19 18:42:36', ' Làm bù nghỉ phép', '2021-03-17 11:19:21', '1980-04-12 23:23:05', '1970-01-01 00:01:30', 1, '2022-02-04 22:34:29', 'Nguyễn Văn Thái ', '2021-01-01 00:00:06', 'Hoàng Việt Thanh ', 1),
('3f099a2b-11cd-1844-975e-60fe4d31c979', '12693b29-274c-35ce-d11d-086412a8ea97', '3d1266d8-49d7-3605-2477-d9ebc53aac3d', 1, '2022-06-28 11:33:25', '2022-09-01 02:44:09', ' Dự án sắp đẩy lên product ', '2021-01-01 02:43:12', '1970-01-01 00:00:05', '1970-02-06 23:31:03', 1, '2022-04-02 18:02:41', 'Mai Ngọc Ngọc ', '2021-02-16 00:42:04', 'Nguyễn Việt Hương ', 1),
('40089002-7548-4e30-9e7d-817a123d365d', '66ef0b11-1892-1443-1877-d9ebc53aac3d', '6dcdb6b6-273a-6aaa-8541-c1ec321fe728', 3, '2022-09-17 12:34:55', '2022-01-04 02:37:10', 'Lý do làm thêm ', '2022-07-05 06:09:07', '1971-11-05 14:51:14', NULL, 2, '2021-01-21 08:57:05', 'Nguyễn Thái Hương ', '2021-06-23 11:30:03', 'Nguyễn Minh Hiếu ', 1),
('41212a0c-6bdf-5ad2-0589-479bce9b28fc', '36ac2df8-2b1e-368f-cc1d-086412a8ea97', '417f31fa-5c7b-6b08-6280-7ed9d1ea06ea', 3, '2021-01-01 00:00:09', '2022-07-15 00:55:48', ' Làm bù nghỉ phép', '2021-10-17 20:54:40', NULL, '2019-02-15 07:55:19', 4, '2021-09-01 18:56:04', 'Lê Minh Tuấn ', '2021-09-14 14:58:18', NULL, NULL),
('4179b2e2-2489-24d0-7d32-03c92da59c43', '5254e49d-4368-3162-29c2-579daad24557', '4dd0746a-6f49-64fa-1d77-d9ebc53aac3d', 1, '2021-09-24 07:08:47', '2022-02-12 23:15:48', ' Làm bù nghỉ phép', '2022-08-09 22:14:32', '1993-08-26 18:36:07', '1974-05-23 16:16:13', 2, '2022-06-27 18:42:42', 'Bùi Tuấn Anh ', '2022-08-18 12:52:41', 'Mai Tuấn Ngọc ', 1),
('419837cc-7ed0-2928-a926-71cca92946bf', '42db9027-5e76-257b-33c2-579daad24557', '76b3b772-27f3-37bf-75f6-423b4e874d0f', 2, '2021-10-18 04:59:50', '2022-01-01 00:09:44', ' Khách yêu cầu gấp ', '2021-01-01 02:41:40', '1970-01-01 00:08:38', '1970-01-01 00:08:45', 1, '2021-04-02 03:14:43', 'Nguyễn  Thị Ly', '2021-03-26 01:52:38', 'Bùi Minh Hương ', 1),
('423d5b84-2191-6cce-df3d-c9e9e9038fe2', '329b5332-34e3-1ae4-6ef6-423b4e874d0f', '524751f2-1577-523d-ce1d-086412a8ea97', 2, '2021-05-14 01:15:41', '2022-03-04 19:50:17', ' Khách yêu cầu gấp ', '2021-10-04 02:11:19', '2012-07-25 11:00:31', '1970-01-01 00:00:06', 2, NULL, 'Trân Văn Cường ', '2021-11-17 10:51:02', 'Lê Ngọc Hiếu ', 1),
('42671130-637b-6e87-9c5e-60fe4d31c979', '2fde0921-432c-64c5-0935-60b3ebf808a9', '1f88699a-3e19-718a-d81d-086412a8ea97', 1, '2021-10-08 17:13:17', '2022-02-28 03:57:41', ' Dự án sắp đẩy lên product ', '2021-04-26 02:15:52', '1993-05-13 22:28:54', '1970-01-01 00:00:03', 4, '2022-06-03 10:06:35', 'Nguyễn Văn Tuấn ', '2021-08-05 10:29:32', 'Trân Văn Minh ', NULL),
('42b90ac9-2f1d-375c-ad26-71cca92946bf', '12e12a5c-6e3a-503a-d71d-086412a8ea97', '4863fe5f-13df-4653-9041-c1ec321fe728', 3, '2021-06-27 23:35:33', '2022-07-02 15:13:33', ' Làm bù nghỉ phép', '2021-01-01 00:07:36', '1970-01-01 00:03:23', '1970-06-26 00:11:14', 1, '2022-05-04 01:57:07', 'Lê Việt Hương ', '2022-03-13 17:31:27', 'Nông Văn Anh ', 1),
('42c43435-73b2-3389-ef3d-c9e9e9038fe2', '56aaf263-3355-23ea-b8d2-89b22d10517e', '46325c89-599d-77ef-74f6-423b4e874d0f', 1, '2022-10-21 11:04:57', '2022-01-01 00:00:42', ' Làm bù nghỉ phép', '2022-01-12 13:27:11', '1997-01-25 06:16:57', '2011-08-28 18:50:05', 3, '2021-08-22 23:29:10', 'Trân Minh Tuấn ', '2021-01-15 23:25:16', 'Nguyễn Thái Thanh ', 1),
('42cd7a0f-5176-3732-997d-817a123d365d', '192b3b9d-5e60-3b13-5b80-7ed9d1ea06ea', '67e3818b-56b7-4eb0-5c80-7ed9d1ea06ea', 1, '2021-10-04 21:26:31', '2022-06-13 06:09:58', ' Làm bù nghỉ phép', '2021-08-22 13:07:20', '1994-01-02 13:14:34', '1970-01-01 00:00:43', 4, NULL, 'Nguyễn Việt Cường ', '2021-08-14 01:45:49', 'Nguyễn Minh Mạnh ', NULL),
('433c5f1f-2eae-4d96-fe88-479bce9b28fc', '2afb2146-430d-394b-3d35-0028ed526dd0', '237092c3-5684-7bb6-0a35-60b3ebf808a9', 1, '2021-02-04 09:56:05', '2022-01-01 00:09:48', ' Khách yêu cầu gấp ', '2021-09-07 15:53:14', '2008-05-28 02:00:11', '2022-07-11 23:59:39', 2, '2022-07-06 08:40:40', 'Nguyễn Tuấn Mạnh ', '2021-01-01 00:04:06', 'Nguyễn Việt Hương ', 1),
('4405dcfa-560d-6655-d8eb-e423f1575e00', '3b9ddf67-2552-6683-5a80-7ed9d1ea06ea', '4d536cce-31bf-335e-bfd2-89b22d10517e', 2, '2022-03-10 04:02:20', '2022-09-30 22:25:03', ' Làm bù nghỉ phép', '2021-03-28 01:11:58', '1977-08-26 10:29:41', '2007-09-16 13:02:33', 1, '2021-01-01 00:00:07', 'Nông Việt Bằng ', '2021-11-09 19:36:51', 'Nguyễn  Thị Hân', 1),
('447816de-6069-15bf-de3d-c9e9e9038fe2', '1e5ce342-2eec-79a4-5380-7ed9d1ea06ea', '4eb131b8-234a-632f-4b35-0028ed526dd0', 1, '2021-12-01 04:26:27', '2022-05-01 18:32:02', 'Lý do làm thêm ', '2021-01-01 00:00:02', '1977-05-21 01:22:39', '2020-01-12 14:09:22', 4, '2022-02-15 22:55:16', 'Trịnh Ngọc Bằng ', '2021-01-01 01:51:14', NULL, NULL),
('450b7c1e-630d-173a-ea3d-c9e9e9038fe2', '19256041-7623-2834-6df6-423b4e874d0f', '329b5332-34e3-1ae4-6ef6-423b4e874d0f', 1, '2021-06-12 05:54:18', '2022-04-22 12:37:22', 'Lý do làm thêm ', '2021-04-28 22:12:19', '1975-06-29 21:25:48', '1985-11-27 07:31:22', 1, '2021-01-01 00:00:06', 'Hoàng Việt Cường ', NULL, 'Nguyễn Văn Trường ', 1),
('4658f1a5-5d8d-49ba-7932-03c92da59c43', '3e51a46c-4153-229c-7f41-c1ec321fe728', '4db9a514-6d87-2ec1-3b35-0028ed526dd0', 1, '2021-09-27 19:16:36', '2022-01-01 00:00:04', ' Làm bù nghỉ phép', '2021-01-01 00:00:10', '1992-08-03 23:54:50', '2019-07-13 01:27:34', 4, '2021-10-07 21:42:42', 'Võ Việt Thái ', '2022-07-26 16:47:22', 'Nguyễn Việt Minh ', NULL),
('47f586e6-4fc5-5da7-0689-479bce9b28fc', '46325c89-599d-77ef-74f6-423b4e874d0f', '201b9639-5997-303c-5880-7ed9d1ea06ea', 1, '2021-11-15 22:59:50', '2022-03-17 22:28:17', ' Làm bù nghỉ phép', '2021-01-01 00:47:47', '2022-08-23 17:39:56', '1970-01-01 00:13:42', 4, '2021-08-20 11:06:45', 'Nông Ngọc Cường ', '2021-01-01 00:00:08', 'Nguyễn Việt Hoàng ', NULL),
('4892d45e-4db5-2d64-e93d-c9e9e9038fe2', '337faf61-662b-461a-69f6-423b4e874d0f', '5f03d745-7702-1c85-2bc2-579daad24557', 2, '2022-09-09 06:08:30', '2022-01-01 00:01:17', ' Dự án sắp đẩy lên product ', '2022-10-05 21:35:55', '1993-08-26 01:34:40', '2019-04-23 19:26:46', 4, '2021-01-01 00:00:04', 'Trân Minh Hương ', '2021-01-01 00:00:04', 'Nguyễn Minh Trường ', NULL),
('48b51439-3625-6c0c-7532-03c92da59c43', '77d03350-6ba4-226c-77f6-423b4e874d0f', '3b668e3c-742f-4876-8e41-c1ec321fe728', 2, '2021-01-21 21:54:18', '2022-02-01 16:12:09', ' Dự án sắp đẩy lên product ', '2022-10-19 08:44:35', '2005-07-01 15:01:19', '2016-04-09 21:01:51', 3, '2022-04-13 23:53:16', 'Võ Ngọc Tuấn ', '2022-02-24 13:58:06', 'Trịnh Tuấn Thái ', 1),
('48c0e033-30af-2811-89db-f21ac591aca5', '4bf4567b-1505-40db-dd1d-086412a8ea97', '21ae5078-5e68-3790-6af6-423b4e874d0f', 3, '2021-01-01 00:00:38', '2022-09-12 02:06:40', 'Lý do làm thêm ', '2021-01-01 00:16:33', '1976-11-17 00:03:16', '2013-04-29 02:32:19', 4, '2021-04-17 17:39:55', 'Hoàng Thái Hoàng ', '2021-06-09 02:38:18', 'Võ Ngọc Cường ', NULL),
('49cebbdf-1cba-7f49-d5eb-e423f1575e00', '51c6e7d3-53bf-49ae-8a41-c1ec321fe728', '1fbf8e6f-17d3-6a04-2180-de64d090a2c2', 2, '2021-04-25 17:35:39', '2022-01-01 01:07:22', 'Lý do làm thêm ', '2022-06-08 02:29:45', NULL, NULL, 2, '2021-01-01 01:08:03', 'Bùi Minh Hương ', '2021-04-23 07:30:08', 'Nguyễn Việt Bằng ', 1),
('4a4c7550-5ee4-1843-e13d-c9e9e9038fe2', '409dcd1a-426a-23f7-3a35-0028ed526dd0', '613afd47-2fc1-15ed-0735-60b3ebf808a9', 1, '2021-11-27 01:53:06', '2022-03-13 01:43:39', 'Lý do làm thêm ', '2022-04-27 09:20:12', NULL, NULL, 4, '2022-10-16 13:24:16', 'Admin', '2022-09-01 12:38:53', 'Lê Văn Minh ', NULL),
('4ad5a0b1-3e7a-5db7-f13d-c9e9e9038fe2', '1906737f-3aed-5704-1777-d9ebc53aac3d', '337faf61-662b-461a-69f6-423b4e874d0f', 3, '2022-07-18 18:35:52', '2022-03-17 03:29:48', ' Dự án sắp đẩy lên product ', '2021-01-01 00:00:07', '1980-01-12 17:58:43', '1988-11-11 13:29:07', 1, '2021-12-19 09:06:24', 'Nguyễn Việt Tuấn ', '2022-04-08 03:05:57', 'Nguyễn Tuấn Ngọc ', 1),
('4b834ba1-6d72-1515-e33d-c9e9e9038fe2', '1737c16a-1277-1be3-3bc2-579daad24557', '7c1ae6ac-6c72-7436-2dc2-579daad24557', 2, '2021-01-01 00:00:03', '2022-01-13 03:56:51', 'Lý do làm thêm ', '2021-01-01 00:00:40', '1988-09-13 15:54:27', '1970-01-01 02:40:32', 2, '2021-09-05 06:53:08', 'Nguyễn Tuấn Hiếu ', '2021-01-01 00:00:09', 'Hoàng Tuấn Minh ', 1),
('4bc21791-3ee1-2135-f436-63d5d5eff719', '15acfdfd-12d7-52f6-2777-d9ebc53aac3d', '4bf4567b-1505-40db-dd1d-086412a8ea97', 2, '2022-09-17 22:31:15', '2022-01-01 00:01:20', ' Làm bù nghỉ phép', '2021-06-10 20:32:14', NULL, '1992-04-12 09:08:33', 1, '2021-01-01 00:00:41', 'Nguyễn Văn Tuấn ', NULL, 'Nguyễn Tuấn Trường ', 1),
('4c23f8b5-378c-4c80-e23d-c9e9e9038fe2', '524751f2-1577-523d-ce1d-086412a8ea97', '28a16581-1fd1-546b-1677-d9ebc53aac3d', 2, '2021-08-30 19:19:53', '2022-01-01 01:10:18', ' Dự án sắp đẩy lên product ', '2021-05-10 03:30:55', '1970-01-01 01:37:15', '1985-04-30 03:54:25', 2, '2022-06-29 08:57:07', NULL, '2021-06-28 22:28:41', 'Nguyễn Văn Hoàng ', 1),
('4cf47858-329e-4247-925e-60fe4d31c979', '4852769b-3986-7c69-2077-d9ebc53aac3d', '405d596c-21be-7e1a-3dc2-579daad24557', 1, '2021-01-01 00:00:01', '2022-01-01 00:07:42', ' Làm bù nghỉ phép', '2021-04-26 03:44:43', '1980-12-20 03:33:36', '1970-01-01 00:00:53', 4, '2022-06-16 19:39:01', 'Nguyễn Minh Trường ', '2021-09-18 00:39:58', NULL, NULL),
('4d9e4bd4-14eb-2703-8b32-03c92da59c43', '5a841b92-791c-78df-5180-7ed9d1ea06ea', '721b7460-7378-2203-0435-60b3ebf808a9', 2, '2022-02-10 10:45:22', '2022-01-07 23:53:43', 'Lý do làm thêm ', '2021-07-05 07:48:52', '2002-10-27 10:54:58', '1970-01-01 00:02:34', 2, '2022-04-08 12:10:02', 'Nguyễn  Ngọc Hường', '2021-11-12 06:57:48', 'Nguyễn Văn Bằng ', 1),
('4de9b34b-430b-61f4-ee36-63d5d5eff719', '6f1014db-2ff0-613b-bdd2-89b22d10517e', '51b5ac10-6dea-17ad-2080-de64d090a2c2', 1, '2021-06-12 23:58:01', '2022-08-18 20:06:25', ' Làm bù nghỉ phép', '2021-01-01 00:02:32', '1970-01-01 00:00:07', '1998-06-11 00:30:55', 2, '2022-01-09 16:44:35', 'Trân Văn Minh ', '2021-01-01 00:02:47', NULL, 1),
('4e314ada-6056-309c-8332-03c92da59c43', '322105dd-142f-392d-2fc2-579daad24557', '5f4b1d0a-247b-7049-4435-0028ed526dd0', 1, '2021-05-01 13:34:00', '2022-01-01 00:01:03', ' Dự án sắp đẩy lên product ', '2022-05-12 00:47:52', '1970-01-01 00:32:59', NULL, 3, '2021-07-03 05:31:41', 'Bùi Thái Tuấn ', '2022-08-19 21:25:10', 'Nguyễn Tuấn Thanh ', 1),
('4e3425a4-21e8-24de-905e-60fe4d31c979', '6c80a684-1cb5-41af-ff34-60b3ebf808a9', '50b49b1f-3df8-4b52-db1d-086412a8ea97', 2, '2021-04-06 10:51:01', '2022-01-01 00:00:09', ' Dự án sắp đẩy lên product ', '2022-06-18 11:28:06', '2007-05-28 01:51:02', '1982-07-25 05:07:27', 2, '2021-06-13 15:02:43', 'Nguyễn  Thị Mai', '2021-03-18 22:45:33', 'Nguyễn Văn Mạnh ', 1),
('4e555980-2893-5045-9f5e-60fe4d31c979', '22732821-2015-1da3-4335-0028ed526dd0', '592aba45-4643-52ff-c1d2-89b22d10517e', 2, '2022-08-19 23:32:33', '2022-01-01 00:06:43', ' Khách yêu cầu gấp ', '2022-02-10 01:33:14', '1970-01-01 00:00:10', '1970-01-01 00:00:09', 3, '2021-03-25 06:33:51', 'Nguyễn Thái Trường ', '2021-09-13 10:43:51', 'Hoàng Minh Hương ', 1),
('4e7bca01-1ae9-51fb-e53d-c9e9e9038fe2', '35c3a053-254d-33f3-1b80-de64d090a2c2', '2107e2a5-49f8-237b-5780-7ed9d1ea06ea', 3, '2022-04-22 23:05:04', '2022-08-29 17:28:12', ' Khách yêu cầu gấp ', '2021-06-08 09:45:05', '2004-09-14 21:09:33', '2018-04-19 04:36:02', 3, '2021-05-14 15:57:03', NULL, '2022-03-29 03:21:54', 'Hoàng Việt Hiếu ', 1),
('4eeb029d-24ab-250a-8fdb-f21ac591aca5', '79dadd0d-69fa-5e30-35c2-579daad24557', '7b666cc3-1b67-6037-67f6-423b4e874d0f', 1, '2021-10-02 22:40:05', '2022-03-28 22:19:33', 'Lý do làm thêm ', '2021-01-01 00:01:04', '2009-01-16 00:09:54', '1999-12-20 16:32:38', 2, NULL, 'Bùi Thái Tuấn ', NULL, 'Trịnh Ngọc Anh ', 1),
('4ef53345-4d3a-5475-7c32-03c92da59c43', '27e60da2-385e-6804-8441-c1ec321fe728', '4f65f6c1-4525-16e5-4135-0028ed526dd0', 3, '2022-06-14 15:15:17', '2022-01-01 00:01:04', ' Dự án sắp đẩy lên product ', '2021-01-01 00:13:09', '1988-01-05 21:34:55', '2017-03-17 10:41:24', 3, NULL, NULL, '2021-01-01 00:02:51', 'Nguyễn Ngọc Anh ', 1),
('4f49d583-2ab7-44f0-8adb-f21ac591aca5', '565c3832-2fbc-2ad0-4735-0028ed526dd0', '1737c16a-1277-1be3-3bc2-579daad24557', 2, '2021-03-08 22:42:11', '2022-01-01 00:02:21', ' Khách yêu cầu gấp ', '2022-05-14 03:55:24', '1970-01-01 00:01:12', '1970-01-01 00:14:03', 3, '2022-04-25 02:46:46', 'Nguyễn Thái Hương ', '2022-04-25 15:16:17', 'Trịnh Văn Hiếu ', 1),
('4fb7b147-4a9b-3b38-0389-479bce9b28fc', '7a301ea4-331e-73f6-1a77-d9ebc53aac3d', '2bd927cf-7faf-452e-4535-0028ed526dd0', 1, '2021-01-01 00:00:42', '2022-06-27 01:25:05', ' Làm bù nghỉ phép', '2021-05-10 05:49:02', '1970-01-01 00:01:05', '1970-01-01 01:38:50', 1, '2021-06-21 18:05:10', 'Trịnh Văn Mạnh ', '2021-07-25 15:20:00', 'Mai Thái Hiếu ', 1),
('4fe8372b-2852-67a2-8ddb-f21ac591aca5', '6b76d607-7d60-38a2-5680-7ed9d1ea06ea', '12693b29-274c-35ce-d11d-086412a8ea97', 1, '2022-10-12 08:39:09', '2022-09-29 10:56:00', 'Lý do làm thêm ', '2021-01-01 01:59:32', '1970-01-01 00:08:00', '1985-03-24 11:27:00', 2, '2022-04-25 09:27:13', 'Trân Văn Minh ', '2022-01-12 04:24:43', 'Trân Thái Mạnh ', 1),
('5065805d-6ed2-70c4-8a32-03c92da59c43', '6c5b9fe7-14c9-3bb5-b4d2-89b22d10517e', '6bb2a723-7c18-1df2-0b35-60b3ebf808a9', 2, '2021-09-02 17:36:07', '2022-01-01 00:00:03', ' Làm bù nghỉ phép', '2021-06-29 23:01:16', '1997-03-28 18:13:39', '1970-01-01 00:00:53', 3, '2022-04-15 08:13:51', 'Hoàng Văn Trường ', '2021-01-01 00:16:23', 'Trân  Diễm Diễm', 1),
('51560421-6566-5f2b-9b7d-817a123d365d', '5dc832b0-169a-1395-37c2-579daad24557', '395826c8-15a0-31f9-5980-7ed9d1ea06ea', 2, '2021-02-20 22:38:44', '2022-02-01 06:35:27', ' Khách yêu cầu gấp ', '2022-02-27 13:57:43', '2007-10-09 16:16:39', '1970-01-01 00:00:10', 4, '2022-08-17 15:05:05', 'Nguyễn Minh Trường ', '2021-01-01 00:00:28', 'Nguyễn Thái Cường ', NULL),
('5255892e-5839-5e98-b5a9-deaf32c96293', '34d0e3b5-6d5f-1fd7-0635-60b3ebf808a9', '6a763a51-4322-5c5a-b5d2-89b22d10517e', 2, '2021-01-01 00:00:01', '2022-02-16 20:39:55', ' Khách yêu cầu gấp ', '2022-06-21 18:35:33', '1995-11-25 06:14:04', '2009-06-26 00:32:29', 4, '2021-06-08 04:24:43', 'Nguyễn Tuấn Anh ', '2021-08-17 16:35:40', 'Nguyễn Văn Bằng ', NULL),
('527894c4-1c83-7d9e-f788-479bce9b28fc', '707e1336-6584-55de-8341-c1ec321fe728', '1d05a704-5376-15ba-1477-d9ebc53aac3d', 3, '2021-01-01 01:33:42', '2022-06-23 08:48:38', ' Khách yêu cầu gấp ', '2021-03-10 06:07:27', '2012-09-13 14:57:25', '1988-06-07 03:47:34', 1, '2021-01-01 00:09:26', NULL, '2021-03-06 04:50:30', 'Nguyễn Minh Hiếu ', 1),
('52a453df-7bf1-3df0-a826-71cca92946bf', '324ac33a-77c5-13a5-0535-60b3ebf808a9', '4a9854e8-12ac-72ac-2877-d9ebc53aac3d', 3, '2021-05-25 02:42:12', '2022-01-01 00:00:07', ' Dự án sắp đẩy lên product ', '2022-06-22 17:54:21', '2020-06-07 06:48:19', '2017-02-23 06:05:43', 3, '2021-01-01 00:03:52', 'Nguyễn Thái Trường ', '2021-01-01 00:00:57', 'Trân Thái Tuấn ', 1),
('52bf438e-577e-31b1-ef36-63d5d5eff719', '51b5ac10-6dea-17ad-2080-de64d090a2c2', '12e12a5c-6e3a-503a-d71d-086412a8ea97', 1, '2021-05-13 02:02:21', '2022-02-08 00:54:17', ' Làm bù nghỉ phép', '2021-01-01 00:14:43', '1989-06-16 14:10:49', '2022-03-26 23:35:25', 2, '2021-01-01 00:00:54', 'Nguyễn Thái Trường ', '2022-06-27 13:00:51', 'Trịnh Minh Mạnh ', 1),
('52cebb45-5eec-2dd8-d6eb-e423f1575e00', '3fed64ec-2f94-798f-0335-60b3ebf808a9', '255b28ba-2177-6baf-0835-60b3ebf808a9', 3, '2021-01-01 00:01:17', '2022-06-03 18:43:07', ' Làm bù nghỉ phép', '2021-01-01 00:56:11', '1975-01-19 11:04:33', '1970-01-01 00:01:29', 2, '2021-02-01 01:02:02', 'Nguyễn Văn Cường ', '2021-02-05 12:50:15', 'Trân Thái Thành ', 1),
('53456b02-555f-2943-b7a9-deaf32c96293', '1f88699a-3e19-718a-d81d-086412a8ea97', '7a1114ad-76c4-3734-1f77-d9ebc53aac3d', 1, '2021-01-01 00:00:20', '2022-05-01 14:36:54', ' Dự án sắp đẩy lên product ', '2021-09-08 22:28:55', '1970-01-01 00:02:31', '1970-01-01 00:00:08', 3, '2022-06-22 10:35:19', 'Hoàng Ngọc Thanh ', '2021-01-01 00:05:19', 'Nguyễn Việt Bằng ', 1),
('535b75b9-1a5a-6810-915e-60fe4d31c979', '76b3b772-27f3-37bf-75f6-423b4e874d0f', '22f0091b-523a-6c8e-4c35-0028ed526dd0', 3, '2021-01-01 00:00:45', '2022-01-01 00:01:05', ' Làm bù nghỉ phép', '2022-08-06 21:46:45', '1970-01-01 00:06:05', '1971-12-27 05:40:44', 3, '2022-04-03 08:28:21', 'Nguyễn Văn Bằng ', NULL, 'Nguyễn  Thị Giang', 1),
('55fa016b-2a15-4bb2-907d-817a123d365d', '143e4110-751a-5474-1f80-de64d090a2c2', '395fb299-3c5f-46fe-8841-c1ec321fe728', 3, '2021-07-16 14:34:05', '2022-09-17 16:38:40', ' Làm bù nghỉ phép', '2022-01-25 23:19:05', '1970-01-01 00:00:11', '1970-01-01 00:13:57', 1, '2021-01-01 00:01:22', 'Nông Tuấn Trường ', NULL, 'Võ Ngọc Minh ', 1),
('560651f0-23ad-7e17-97db-f21ac591aca5', '6b12b154-39d3-1a5b-2280-de64d090a2c2', '45bd4aa1-3832-3db8-d21d-086412a8ea97', 1, '2021-01-01 00:00:05', '2022-04-26 07:29:14', ' Khách yêu cầu gấp ', '2021-08-16 06:24:09', '2018-04-25 11:00:00', '1996-02-25 11:55:22', 1, NULL, 'Nguyễn Việt Cường ', NULL, 'Trịnh Thái Thuận ', 1),
('5611a554-216f-441d-f23d-c9e9e9038fe2', '78b1d514-338c-3cdc-8641-c1ec321fe728', '7bd9cf39-3f55-3a7b-0035-60b3ebf808a9', 3, '2021-11-24 03:40:08', '2022-06-30 08:08:06', 'Lý do làm thêm ', '2021-01-01 00:00:05', NULL, '1973-08-24 04:44:54', 4, '2021-12-08 08:30:07', 'Võ Thái Thanh ', '2022-05-05 07:34:02', 'Nguyễn Việt Hương ', NULL),
('56a0a620-2af4-33d0-90db-f21ac591aca5', '7bd9cf39-3f55-3a7b-0035-60b3ebf808a9', '407db4d1-222b-287d-0135-60b3ebf808a9', 2, '2021-05-06 22:43:25', '2022-06-06 16:04:23', ' Khách yêu cầu gấp ', '2021-02-12 18:31:30', '1970-01-01 00:01:07', NULL, 4, '2021-01-01 01:56:53', NULL, '2021-06-27 17:29:55', 'Võ Ngọc Thanh ', NULL),
('5839c677-41fb-52b8-a47d-817a123d365d', '4029deb6-568c-284f-8941-c1ec321fe728', '481183cb-5a6c-795b-68f6-423b4e874d0f', 2, '2021-03-23 03:08:46', '2022-01-01 00:04:37', ' Khách yêu cầu gấp ', '2022-07-12 10:43:13', '1970-01-01 00:13:36', '1978-03-02 17:52:38', 4, '2022-03-29 16:58:52', 'Lê Minh Ngọc ', '2021-12-28 15:46:26', 'Lê Minh Hiếu ', NULL),
('587adf93-263d-532d-f636-63d5d5eff719', '3d18d4c2-2f39-3dce-d61d-086412a8ea97', '7e61a689-2cd8-340e-2677-d9ebc53aac3d', 2, '2021-09-13 17:04:11', '2022-01-01 00:12:35', 'Lý do làm thêm ', '2021-01-01 00:00:56', '1990-11-05 06:55:58', NULL, 3, '2021-01-01 00:00:45', 'Võ Thái Tuấn ', NULL, 'Lê Thái Minh ', 1),
('58e39eac-7bef-436e-eb36-63d5d5eff719', '2bd927cf-7faf-452e-4535-0028ed526dd0', '2c380a42-1611-28c2-3ac2-579daad24557', 3, '2021-02-20 04:04:47', '2022-01-13 07:54:52', 'Lý do làm thêm ', '2021-09-28 06:40:49', NULL, '1988-08-17 06:33:08', 2, '2021-08-03 03:54:40', 'Trịnh Ngọc Ngọc ', '2021-01-01 00:15:51', 'Trân Thái Trường ', 1),
('591c508e-5750-32f1-fa88-479bce9b28fc', '6dcdb6b6-273a-6aaa-8541-c1ec321fe728', '623727c0-4fb7-573d-c3d2-89b22d10517e', 2, '2022-02-24 15:35:45', '2022-03-02 10:54:12', 'Lý do làm thêm ', '2022-07-19 09:00:14', '1995-03-27 04:52:59', '1994-08-03 11:02:26', 1, '2021-01-01 00:08:18', 'Nguyễn Việt Hương ', '2021-05-29 12:24:58', 'Nguyễn Việt Hương ', 1),
('59da6444-50d9-5598-b4a9-deaf32c96293', '52a36f9d-42d4-6841-38c2-579daad24557', '3a425a4d-6066-116b-6bf6-423b4e874d0f', 2, '2021-05-03 01:11:52', '2022-05-28 11:37:10', ' Khách yêu cầu gấp ', '2021-09-22 12:54:19', '2022-01-17 06:02:31', '1970-01-01 01:16:51', 4, '2021-12-25 17:32:24', 'Võ Minh Thuận ', NULL, 'Trịnh Việt Mạnh ', NULL),
('5acb0c93-4ee6-73a8-99db-f21ac591aca5', '3fc4ed08-1219-1c6d-5480-7ed9d1ea06ea', '5254e49d-4368-3162-29c2-579daad24557', 1, '2021-10-23 11:41:09', '2022-04-14 13:54:24', ' Dự án sắp đẩy lên product ', '2021-07-13 15:24:24', '1976-07-03 01:23:54', '2013-03-21 11:35:58', 4, '2021-01-13 03:17:59', 'Nguyễn Việt Hiếu ', '2021-09-21 09:56:01', 'Nguyễn Ngọc Thuận ', NULL),
('5c36034b-1421-6951-93db-f21ac591aca5', '255b28ba-2177-6baf-0835-60b3ebf808a9', '22df58b0-55d2-6108-2480-de64d090a2c2', 3, '2021-01-01 00:00:10', '2022-01-01 00:00:02', 'Lý do làm thêm ', '2021-01-01 00:01:19', NULL, '1976-10-21 10:49:45', 4, '2021-01-01 00:00:11', 'Nguyễn Việt Tuấn ', '2021-07-07 10:48:50', 'Nguyễn Tuấn Hiếu ', NULL),
('5cd32ce8-11ea-23ac-ee3d-c9e9e9038fe2', '58e49fff-2a42-4ce7-1c77-d9ebc53aac3d', '5c85f9f2-1de1-4f0a-3e35-0028ed526dd0', 3, '2022-04-02 00:48:04', '2022-06-10 16:12:30', ' Dự án sắp đẩy lên product ', '2021-01-01 00:01:29', '2006-08-22 07:57:26', '1970-01-01 02:02:01', 2, '2021-01-01 01:38:16', 'Nguyễn Minh Hiếu ', '2021-01-01 00:06:25', 'Nguyễn Việt Hương ', 1),
('5d90f1bc-4bf0-1c5b-8832-03c92da59c43', '7b666cc3-1b67-6037-67f6-423b4e874d0f', '6b76d607-7d60-38a2-5680-7ed9d1ea06ea', 1, '2021-09-20 09:31:42', '2022-07-08 01:41:22', 'Lý do làm thêm ', '2022-05-21 07:29:03', '1970-01-01 00:13:37', NULL, 2, '2022-09-25 23:16:12', 'Lê Thái Cường ', NULL, 'Bùi Tuấn Hoàng ', 1),
('5e4f1e21-6692-3a26-977d-817a123d365d', '65ecf5c2-5298-156e-d51d-086412a8ea97', '350cf027-3245-532d-bcd2-89b22d10517e', 3, '2021-03-28 07:03:43', '2022-05-20 01:56:51', ' Dự án sắp đẩy lên product ', '2021-01-01 00:01:38', '1971-08-06 05:37:01', '2016-05-06 13:33:15', 2, NULL, 'Nguyễn Tuấn Thuận ', '2021-07-04 22:48:44', 'Nguyễn  Thị Ngọc', 1),
('5e92d32c-3119-4d0a-9d7d-817a123d365d', '18bbd5d8-6c2d-154c-bad2-89b22d10517e', '5a841b92-791c-78df-5180-7ed9d1ea06ea', 1, '2021-05-06 07:46:49', '2022-07-01 15:27:56', 'Lý do làm thêm ', '2021-01-01 00:00:13', '2022-01-27 11:08:31', '1970-01-01 00:13:22', 2, '2022-08-27 22:48:18', 'Nguyễn Việt Bằng ', '2022-07-13 13:19:02', 'Nguyễn Tuấn Anh ', 1),
('5f7c35bf-1958-4eac-92db-f21ac591aca5', '4db9a514-6d87-2ec1-3b35-0028ed526dd0', '2356a2d8-7751-6f97-66f6-423b4e874d0f', 2, '2022-04-19 19:25:03', '2022-01-01 02:18:08', 'Lý do làm thêm ', '2022-06-12 04:04:42', '2009-05-18 11:06:06', '1992-02-25 05:45:17', 3, '2021-01-01 00:11:12', 'Bùi Văn Thái ', '2021-05-06 10:26:20', 'Lê Tuấn Thái ', 1),
('5fab70b4-78c8-3ca1-a726-71cca92946bf', '22df58b0-55d2-6108-2480-de64d090a2c2', '75ec2fe2-5965-48e6-9141-c1ec321fe728', 1, '2021-10-28 05:12:24', '2022-08-28 04:49:34', ' Làm bù nghỉ phép', '2021-01-01 00:00:53', '2004-07-09 07:11:11', NULL, 4, NULL, NULL, '2021-08-18 22:24:14', 'Nông Văn Ngọc ', NULL),
('60124434-4f3b-5029-9a7d-817a123d365d', '79806d6f-4830-6311-2577-d9ebc53aac3d', '360bd1e4-7bbf-3971-d41d-086412a8ea97', 3, '2022-01-06 23:01:07', '2022-06-20 23:55:14', ' Khách yêu cầu gấp ', '2022-01-19 22:39:41', NULL, '2022-04-07 00:13:08', 4, '2021-07-25 16:36:51', 'Nguyễn  Thị Lệ', '2021-01-01 00:12:30', 'Nguyễn Văn Minh ', NULL),
('6126b6e5-2162-3129-935e-60fe4d31c979', '5697b103-5179-7ac3-d31d-086412a8ea97', '52a36f9d-42d4-6841-38c2-579daad24557', 1, '2021-05-12 00:19:02', '2022-01-01 02:21:38', 'Lý do làm thêm ', '2021-01-01 00:09:23', '2006-05-17 07:49:19', NULL, 4, '2021-01-01 02:09:28', 'Hoàng Văn Trường ', '2022-05-04 01:32:04', 'Võ Thái Hoàng ', NULL),
('6145af93-4b1f-51a8-aea9-deaf32c96293', '721b7460-7378-2203-0435-60b3ebf808a9', '4c9ebdde-5f9a-58dd-4235-0028ed526dd0', 1, '2021-02-18 22:22:22', '2022-01-01 02:33:49', ' Dự án sắp đẩy lên product ', '2021-01-01 00:02:07', '2006-10-12 17:51:44', '2010-10-25 15:57:45', 3, '2021-01-01 02:25:13', 'Mai Tuấn Hoàng ', '2021-01-01 00:00:42', NULL, 1),
('61608d17-702d-61ca-f688-479bce9b28fc', '75ec2fe2-5965-48e6-9141-c1ec321fe728', '6b12b154-39d3-1a5b-2280-de64d090a2c2', 3, '2021-06-20 16:10:04', '2022-02-09 23:46:27', ' Khách yêu cầu gấp ', '2021-01-01 02:23:33', '1992-10-12 03:40:59', NULL, 3, '2021-01-01 00:03:03', 'Nguyễn Việt Trường ', '2021-01-01 00:07:56', 'Nguyễn Minh Trường ', 1),
('61754fad-473c-3e3e-7f32-03c92da59c43', '35ec2e7b-17b3-1b63-6080-7ed9d1ea06ea', '42b9446a-790b-3892-2ac2-579daad24557', 2, '2021-09-11 00:30:12', '2022-10-06 21:59:09', ' Làm bù nghỉ phép', '2021-01-01 00:00:20', '2020-11-07 22:34:39', NULL, 4, '2021-01-01 00:10:35', 'Hoàng Tuấn Thanh ', '2021-12-04 03:40:52', 'Hoàng Tuấn Mạnh ', NULL),
('61d00e89-2d5b-4c8f-a8a9-deaf32c96293', '1fbf8e6f-17d3-6a04-2180-de64d090a2c2', '31ae1818-7baf-1872-1e77-d9ebc53aac3d', 3, '2022-03-27 02:08:05', '2022-01-01 00:00:24', ' Dự án sắp đẩy lên product ', '2021-05-13 10:54:03', '2001-11-27 05:06:36', '1970-01-01 00:00:03', 4, '2021-09-22 08:34:10', NULL, '2021-01-01 00:00:09', 'Bùi Việt Hương ', NULL),
('62086738-6ddf-289d-0789-479bce9b28fc', '237092c3-5684-7bb6-0a35-60b3ebf808a9', '26942456-25a8-5ec2-8b41-c1ec321fe728', 3, '2022-07-22 10:42:37', '2022-04-06 22:20:21', 'Lý do làm thêm ', '2021-01-01 00:00:07', NULL, '1997-08-29 17:53:40', 4, '2021-01-01 00:00:02', 'Nguyễn Thái Tuấn ', '2021-11-16 06:26:22', 'Võ Thái Ngọc ', NULL),
('624084f1-7f9b-404a-d3eb-e423f1575e00', '234865cb-5d80-7244-70f6-423b4e874d0f', '4cc606bb-3068-7d32-3f35-0028ed526dd0', 2, '2021-01-01 00:34:40', '2022-04-13 18:39:49', ' Làm bù nghỉ phép', '2021-01-01 00:00:01', '2021-08-31 02:33:38', '1975-08-12 12:13:20', 4, '2021-04-22 02:03:58', 'Nguyễn  Thị Hương', '2022-08-18 15:57:36', NULL, NULL),
('6372ae64-666a-386b-7732-03c92da59c43', '3e7dd0ec-7ee5-392a-1277-d9ebc53aac3d', '50c07587-55d5-5b36-1b77-d9ebc53aac3d', 3, '2021-01-01 00:00:52', '2022-06-15 05:24:29', 'Lý do làm thêm ', '2022-01-29 10:43:08', '1973-05-10 08:55:01', '1973-06-12 21:19:52', 4, '2022-07-12 22:47:38', 'Nguyễn Thái Bằng ', '2021-11-29 01:45:17', 'Hoàng Minh Thanh ', NULL),
('638972e8-2c39-4998-eb3d-c9e9e9038fe2', '2f4cc91d-6f13-4b4c-1c80-de64d090a2c2', '619ecbc4-37bc-19ea-6ff6-423b4e874d0f', 1, '2021-02-12 08:41:49', '2022-05-25 06:48:59', ' Làm bù nghỉ phép', '2022-09-30 18:09:17', '2020-08-12 20:12:12', '1970-01-01 00:10:05', 2, '2021-10-17 02:35:45', 'Nguyễn Thái Minh ', '2021-01-01 00:01:40', 'Trân  Mai Linh', 1),
('6439df40-7828-1dc0-b026-71cca92946bf', '4863fe5f-13df-4653-9041-c1ec321fe728', '18baaac1-2b18-2317-b9d2-89b22d10517e', 3, '2022-06-14 00:09:19', '2022-02-08 14:08:31', ' Dự án sắp đẩy lên product ', '2022-03-09 04:18:37', '1970-01-01 00:08:33', NULL, 2, NULL, 'Nguyễn Văn Mạnh ', '2021-11-14 01:00:05', 'Nguyễn Tuấn Minh ', 1),
('649e9aae-2cce-7f83-8132-03c92da59c43', '18d2ec1b-61c5-1896-2ec2-579daad24557', '42a13e31-2abb-6171-dc1d-086412a8ea97', 3, '2021-01-01 00:00:06', '2022-09-26 22:16:03', ' Làm bù nghỉ phép', '2021-01-01 00:03:38', '2020-08-25 10:56:07', '1981-03-14 02:21:08', 3, '2021-03-05 08:21:34', 'Nguyễn Việt Thuận ', '2021-07-24 09:27:43', 'Võ Tuấn Anh ', 1),
('6536eba2-61f5-770d-8cdb-f21ac591aca5', '535ddd98-1493-7909-1e80-de64d090a2c2', '5fd0a411-5945-70f7-4a35-0028ed526dd0', 1, '2021-10-21 01:05:09', '2022-07-25 09:08:36', 'Lý do làm thêm ', '2022-06-07 22:45:57', '2001-04-02 02:08:01', '1998-05-13 03:34:06', 4, NULL, 'Trân Văn Bằng ', '2021-05-18 16:01:23', 'Nguyễn Ngọc Hiếu ', NULL),
('659f2a01-4418-26e9-f03d-c9e9e9038fe2', '3cc7be2d-6406-4b95-3cc2-579daad24557', '62af2231-78a7-7caa-cd1d-086412a8ea97', 1, '2021-03-21 16:39:01', '2022-08-09 05:47:48', ' Dự án sắp đẩy lên product ', '2021-03-03 03:09:56', '1998-07-31 07:15:33', '1970-01-01 00:00:43', 3, '2021-10-30 00:11:56', 'Mai Ngọc Thanh ', '2021-01-01 00:01:29', 'Nguyễn Minh Tuấn ', 1),
('65b12b02-26ca-4497-f988-479bce9b28fc', '1ca4f185-7203-2a84-40c2-579daad24557', '595e7d51-318c-39e8-1377-d9ebc53aac3d', 1, '2022-03-15 15:02:37', '2022-06-25 08:18:03', ' Khách yêu cầu gấp ', '2022-08-20 03:08:11', '2002-11-22 00:23:14', '1970-05-07 22:47:41', 2, '2022-10-17 14:28:51', NULL, '2022-06-07 22:39:42', 'Võ Việt Minh ', 1),
('65f9453c-2458-1969-955e-60fe4d31c979', '4c61c74b-4a9f-769e-0d35-60b3ebf808a9', '27e60da2-385e-6804-8441-c1ec321fe728', 1, '2021-01-01 00:00:22', '2022-03-22 17:55:50', 'Lý do làm thêm ', '2021-01-01 00:14:36', '1970-01-01 00:15:55', '1970-01-01 00:01:26', 1, '2021-01-01 00:00:03', NULL, '2022-07-16 21:23:55', 'Hoàng Việt Trường ', 1),
('661806ff-3be6-5244-fd88-479bce9b28fc', '38dc720e-654a-29d5-34c2-579daad24557', '212a5f62-4eb8-203c-4035-0028ed526dd0', 1, '2022-09-02 17:32:24', '2022-09-18 19:24:20', 'Lý do làm thêm ', '2022-08-03 08:16:05', '1970-01-01 00:00:59', '1986-04-20 18:23:34', 4, '2022-03-08 21:57:20', 'Hoàng Việt Hoàng ', '2021-04-04 03:27:48', NULL, NULL),
('66924759-43d8-186a-a27d-817a123d365d', '156bb711-53c6-12ee-5d80-7ed9d1ea06ea', '56249d42-1aee-20b3-3fc2-579daad24557', 3, '2022-03-12 01:37:46', '2022-08-19 04:21:56', ' Khách yêu cầu gấp ', '2021-12-09 22:50:55', '1970-01-01 00:06:11', '2004-01-13 23:35:51', 2, '2022-10-09 20:10:49', 'Nguyễn Việt Trường ', NULL, 'Trân Việt Thành ', 1),
('66e7bad4-15fd-3b77-ae26-71cca92946bf', '18baaac1-2b18-2317-b9d2-89b22d10517e', '42db9027-5e76-257b-33c2-579daad24557', 2, '2021-01-22 00:06:58', '2022-09-11 06:12:07', ' Dự án sắp đẩy lên product ', '2022-03-12 03:00:42', '1993-12-13 02:30:27', '1987-07-27 11:59:27', 3, '2021-01-01 00:00:25', 'Võ Minh Trường ', '2021-02-23 19:19:40', 'Nguyễn Ngọc Bằng ', 1),
('671eed88-19d9-658c-8532-03c92da59c43', '2c06d3cb-7ef7-4462-5e80-7ed9d1ea06ea', '6f51ea57-13b2-139f-1177-d9ebc53aac3d', 1, '2022-09-02 11:09:33', '2022-01-01 00:21:07', 'Lý do làm thêm ', '2022-05-11 06:42:57', NULL, '1971-12-22 18:16:56', 4, NULL, NULL, '2022-04-07 06:34:14', 'Nguyễn Ngọc Ngọc ', NULL),
('67863ddd-1c48-1dcc-8d5e-60fe4d31c979', '1d05a704-5376-15ba-1477-d9ebc53aac3d', '3e7dd0ec-7ee5-392a-1277-d9ebc53aac3d', 2, '2021-09-01 14:56:50', '2022-03-20 20:27:41', ' Khách yêu cầu gấp ', '2021-01-01 00:00:08', '1970-01-01 00:00:04', '1989-12-13 05:32:18', 2, '2021-01-01 00:00:10', 'Lê Việt Tuấn ', '2021-01-01 00:00:05', 'Trân Ngọc Mạnh ', 1),
('67f532a4-1158-2919-d1eb-e423f1575e00', '5c7f0ec4-77f2-3794-cf1d-086412a8ea97', '1fecd07f-2488-638c-8141-c1ec321fe728', 3, '2021-04-05 04:25:14', '2022-06-29 07:52:05', 'Lý do làm thêm ', '2021-09-13 10:15:42', '1985-01-16 06:54:59', '1993-01-13 12:51:51', 1, '2022-03-27 11:56:36', 'Nguyễn Thái Trường ', '2021-01-01 00:07:38', 'Nguyễn Ngọc Mạnh ', 1),
('682e7a2d-59dc-2f36-967d-817a123d365d', '56249d42-1aee-20b3-3fc2-579daad24557', '53f68d51-267f-2d1e-8241-c1ec321fe728', 2, '2022-03-28 04:08:12', '2022-01-01 01:56:33', ' Khách yêu cầu gấp ', '2021-11-15 08:47:49', '2008-08-25 22:33:39', '2011-06-17 05:16:28', 2, '2021-08-22 16:33:41', 'Nguyễn Thái Thái ', '2022-01-10 12:10:06', 'Nguyễn Thái Thanh ', 1),
('6ba576ae-3a7d-6bed-f536-63d5d5eff719', '6485b64f-7835-65a4-8041-c1ec321fe728', '19256041-7623-2834-6df6-423b4e874d0f', 2, '2021-04-26 22:44:50', '2022-04-30 21:52:23', ' Làm bù nghỉ phép', '2021-10-06 16:06:46', '1970-01-01 00:00:01', '2009-06-14 22:12:07', 4, '2021-07-19 15:00:51', 'Hoàng Văn Thanh ', '2021-01-01 00:29:55', 'Nguyễn Ngọc Cường ', NULL),
('6dbbae6d-5cc0-4fac-aaa9-deaf32c96293', '5fab4ff7-1b8e-64d0-1880-de64d090a2c2', '7f1b6c7c-2b74-3ebb-31c2-579daad24557', 3, '2021-12-20 18:23:46', '2022-05-06 07:30:36', 'Lý do làm thêm ', '2021-01-01 00:01:06', '1988-02-22 01:02:05', '2018-04-07 17:49:38', 4, '2021-01-01 00:05:09', 'Nguyễn Việt Trường ', '2022-02-15 19:00:43', 'Nguyễn Ngọc Thành ', NULL),
('6de778f6-76c6-6bf4-a426-71cca92946bf', '506acf1e-5331-67a9-0d77-d9ebc53aac3d', '565c3832-2fbc-2ad0-4735-0028ed526dd0', 2, '2021-11-08 09:30:29', '2022-08-20 10:56:29', ' Dự án sắp đẩy lên product ', '2021-01-01 01:57:58', '2012-01-17 02:51:27', '1970-01-01 00:01:05', 2, '2021-01-01 00:01:34', 'Nguyễn Minh Thái ', '2021-05-22 04:53:45', 'Nguyễn  Ngọc Ngọc', 1),
('6e4fdc3a-1529-3558-965e-60fe4d31c979', '17872e95-3d24-6d1a-32c2-579daad24557', '1ca4f185-7203-2a84-40c2-579daad24557', 3, '2021-04-27 09:29:50', '2022-09-02 12:43:21', ' Làm bù nghỉ phép', '2021-05-01 08:54:06', '1998-05-28 10:28:26', '1992-12-25 14:47:52', 4, '2021-01-01 00:00:05', 'Nguyễn Tuấn Thuận ', '2021-01-01 00:01:24', 'Bùi Tuấn Cường ', NULL),
('6e791482-1768-32fe-8edb-f21ac591aca5', '62af2231-78a7-7caa-cd1d-086412a8ea97', '1e5e96fa-5d7a-599d-27c2-579daad24557', 3, '2021-01-01 00:00:10', '2022-04-05 01:03:08', 'Lý do làm thêm ', '2022-08-13 08:28:51', NULL, NULL, 4, '2021-03-30 14:28:08', 'Nguyễn Ngọc Bằng ', NULL, 'Nguyễn Ngọc Cường ', NULL),
('6ec85427-70e7-384d-8f5e-60fe4d31c979', '417f31fa-5c7b-6b08-6280-7ed9d1ea06ea', '57e65423-37f0-74b0-71f6-423b4e874d0f', 2, '2021-11-30 11:56:16', '2022-08-14 12:05:47', ' Làm bù nghỉ phép', '2021-01-01 00:11:42', '2012-06-26 20:45:28', '1970-01-01 00:00:02', 1, '2021-11-27 03:04:31', 'Nguyễn Văn Mạnh ', '2021-06-15 17:25:03', 'Nguyễn Ngọc Anh ', 1),
('6ef945dd-295a-23eb-7e32-03c92da59c43', '383760d5-6851-218b-4835-0028ed526dd0', '13ede5b6-19dd-563e-1980-de64d090a2c2', 2, '2022-05-19 20:02:38', '2022-05-01 04:08:33', ' Khách yêu cầu gấp ', '2021-01-01 00:00:03', '1970-01-01 00:15:28', NULL, 4, '2022-02-13 23:34:07', 'Nguyễn Ngọc Trường ', '2021-05-08 08:44:50', NULL, NULL),
('6f079bbb-5f95-20ee-b126-71cca92946bf', '6399a2a5-2afd-3384-da1d-086412a8ea97', '38dc720e-654a-29d5-34c2-579daad24557', 1, '2021-01-01 00:36:32', '2022-01-01 00:01:22', ' Dự án sắp đẩy lên product ', '2021-01-01 00:00:07', '1992-02-23 13:16:07', '2014-04-20 21:52:00', 4, '2021-01-01 00:00:31', 'Mai Tuấn Thái ', '2021-07-31 16:23:25', 'Nguyễn Tuấn Minh ', NULL),
('6f77cf88-340e-5862-ec36-63d5d5eff719', '57e65423-37f0-74b0-71f6-423b4e874d0f', '36ac2df8-2b1e-368f-cc1d-086412a8ea97', 1, '2022-05-28 01:07:46', '2022-04-01 04:34:43', ' Làm bù nghỉ phép', '2021-07-23 23:20:18', '2001-06-03 22:08:39', NULL, 1, '2021-01-01 00:10:28', NULL, '2021-01-17 13:51:54', 'Nguyễn Tuấn Cường ', 1),
('70acca50-11cd-4744-8732-03c92da59c43', '2c380a42-1611-28c2-3ac2-579daad24557', '322105dd-142f-392d-2fc2-579daad24557', 1, '2021-01-31 19:40:13', '2022-05-04 19:41:40', ' Làm bù nghỉ phép', '2021-01-01 00:00:09', '2017-04-09 07:05:56', '1970-01-01 00:00:52', 3, '2021-08-03 22:49:39', 'Nguyễn Minh Thuận ', '2021-03-04 22:18:57', NULL, 1),
('70e43093-1a18-7436-a07d-817a123d365d', '2efc0ff3-37c0-286f-bbd2-89b22d10517e', '1906737f-3aed-5704-1777-d9ebc53aac3d', 3, '2021-01-01 02:09:56', '2022-08-20 10:16:52', ' Làm bù nghỉ phép', '2021-07-07 14:29:52', '1988-04-25 10:11:50', '1970-01-01 01:15:55', 1, '2021-01-01 00:00:03', 'Nguyễn Ngọc Trường ', NULL, 'Trịnh  Thị Hương', 1),
('71586048-3117-1ce2-fb88-479bce9b28fc', '41f1acba-3177-4b1c-c4d2-89b22d10517e', '6d7def1b-4b7e-52aa-8f41-c1ec321fe728', 2, '2022-07-10 19:11:52', '2022-01-01 11:56:46', ' Khách yêu cầu gấp ', '2021-07-02 17:11:03', '1981-12-25 08:32:34', '1990-11-07 15:11:47', 4, '2021-09-06 04:43:31', 'Bùi Ngọc Thuận ', '2021-07-01 16:43:17', 'Trịnh Thái Thái ', NULL),
('71952621-23c8-61d2-d0eb-e423f1575e00', '4eb131b8-234a-632f-4b35-0028ed526dd0', '5dc832b0-169a-1395-37c2-579daad24557', 1, '2022-07-07 18:18:33', '2022-04-17 00:15:17', ' Dự án sắp đẩy lên product ', '2021-01-01 00:00:04', '1972-02-13 10:11:17', '1970-01-01 01:27:28', 3, NULL, 'Trân Minh Hiếu ', '2022-01-05 03:27:34', 'Mai Ngọc Thành ', 1),
('71a5d760-185e-3522-ea36-63d5d5eff719', '5fb9392a-4ad5-1fe7-76f6-423b4e874d0f', '527e293c-2185-6d0a-5580-7ed9d1ea06ea', 1, '2022-08-01 11:45:27', '2022-10-06 18:57:25', ' Khách yêu cầu gấp ', '2022-03-18 19:48:08', '1990-07-19 03:35:28', '1970-01-01 00:10:09', 3, '2021-11-27 22:49:27', 'Trân Văn Thanh ', '2021-06-28 04:00:39', 'Trịnh  Ngọc Ngọc', 1),
('722b9311-5848-503b-8bdb-f21ac591aca5', '360bd1e4-7bbf-3971-d41d-086412a8ea97', '32d33559-61a5-4afd-d91d-086412a8ea97', 3, '2022-03-12 11:17:27', '2022-02-21 10:30:08', 'Lý do làm thêm ', '2021-01-01 00:05:01', '2002-08-12 04:24:26', '1970-01-01 01:31:32', 2, '2022-02-16 05:27:55', 'Nguyễn Tuấn Trường ', '2021-09-18 04:14:37', 'Trịnh Minh Bằng ', 1),
('72519ef0-45a5-25a8-ed36-63d5d5eff719', '1518ced5-6993-37f8-6180-7ed9d1ea06ea', '517035f8-43a9-4c59-72f6-423b4e874d0f', 1, '2022-05-09 03:09:22', '2022-01-01 00:12:45', ' Khách yêu cầu gấp ', '2021-04-19 02:03:00', '2018-10-03 13:13:15', '2015-10-11 15:48:15', 3, NULL, 'Nguyễn Thái Tuấn ', '2021-07-02 09:54:48', 'Bùi Minh Trường ', 1),
('73612d31-3ee3-7447-8e7d-817a123d365d', '3738ce93-1661-5628-2cc2-579daad24557', '58e49fff-2a42-4ce7-1c77-d9ebc53aac3d', 2, '2021-01-01 00:00:06', '2022-05-15 12:04:38', ' Làm bù nghỉ phép', '2021-09-01 19:53:59', '1979-07-10 02:18:35', '1972-03-11 06:19:07', 2, '2022-03-29 13:18:29', 'Nguyễn Việt Mạnh ', NULL, 'Nguyễn  Thị Hường', 1),
('74769f9b-50d7-70c6-9a5e-60fe4d31c979', '611bb57c-5f6c-434c-c5d2-89b22d10517e', '7976650d-4e86-2615-8c41-c1ec321fe728', 3, '2021-08-24 07:20:50', '2022-07-01 22:39:24', ' Làm bù nghỉ phép', '2021-01-08 04:34:24', '1970-01-01 00:03:26', '1997-08-27 05:13:22', 2, '2021-04-08 19:09:22', 'Võ Ngọc Cường ', '2021-10-07 12:54:53', 'Trân Việt Thái ', 1),
('747f693b-1247-67b3-f836-63d5d5eff719', '53f68d51-267f-2d1e-8241-c1ec321fe728', '3f7028bf-3771-75c5-2380-de64d090a2c2', 1, '2021-01-01 00:33:31', '2022-06-30 11:55:55', ' Khách yêu cầu gấp ', '2021-01-01 00:13:25', NULL, '1970-01-01 01:39:19', 4, '2021-05-10 21:13:21', 'Trân Thái Thuận ', '2021-01-01 00:00:08', 'Nông Minh Anh ', NULL),
('74b15c87-2387-5429-b0a9-deaf32c96293', '6a763a51-4322-5c5a-b5d2-89b22d10517e', '409dcd1a-426a-23f7-3a35-0028ed526dd0', 1, '2021-04-18 02:59:36', '2022-06-14 09:44:30', ' Dự án sắp đẩy lên product ', '2021-03-02 15:55:41', '2000-09-29 10:04:03', '1989-03-06 16:52:38', 4, '2021-08-31 18:38:44', 'Bùi Việt Hoàng ', '2021-05-29 18:16:01', 'Nguyễn Thái Mạnh ', NULL),
('74b4ef62-677e-21c3-88db-f21ac591aca5', '4cc606bb-3068-7d32-3f35-0028ed526dd0', '2fde0921-432c-64c5-0935-60b3ebf808a9', 1, '2021-01-01 02:39:05', '2022-05-07 02:38:26', 'Lý do làm thêm ', '2021-08-21 17:11:59', '2006-01-13 13:55:50', '2019-12-10 09:24:17', 2, '2022-03-17 17:39:44', 'Nguyễn Minh Trường ', '2021-01-01 00:00:44', 'Nguyễn Minh Tuấn ', 1),
('74ec9221-19b3-2dde-daeb-e423f1575e00', '4a9854e8-12ac-72ac-2877-d9ebc53aac3d', '4989ff24-23e7-7b82-b6d2-89b22d10517e', 3, '2021-01-16 13:20:53', '2022-05-15 01:01:16', ' Khách yêu cầu gấp ', '2021-01-01 00:00:04', '1994-10-04 17:19:34', '1999-12-14 03:23:40', 1, '2021-01-01 00:00:08', 'Nguyễn Thái Mạnh ', NULL, 'Nguyễn Minh Cường ', 1),
('752a3d03-4af3-3f42-aca9-deaf32c96293', '197fda97-5a35-781d-0e77-d9ebc53aac3d', '3fed64ec-2f94-798f-0335-60b3ebf808a9', 1, '2022-06-20 04:34:46', '2022-01-01 00:00:04', 'Lý do làm thêm ', '2021-01-01 00:00:01', '2009-12-20 19:59:32', '1972-09-09 08:06:09', 3, '2021-06-14 17:07:01', 'Nguyễn  Ngọc Lệ', '2021-01-01 00:00:01', 'Trân Ngọc Cường ', 1),
('76c5ec70-595d-1f42-e83d-c9e9e9038fe2', '2356a2d8-7751-6f97-66f6-423b4e874d0f', '1b972dfb-67eb-5f25-39c2-579daad24557', 2, '2021-01-01 00:13:37', '2022-10-16 20:16:04', ' Khách yêu cầu gấp ', '2021-01-01 00:09:13', '1975-07-01 12:24:04', '1970-01-01 01:25:17', 2, '2021-01-01 00:11:46', 'Nguyễn Ngọc Tuấn ', '2021-01-01 00:11:32', 'Nguyễn Minh Thành ', 1),
('786019cb-7e1c-2ab9-d2eb-e423f1575e00', '5f4b1d0a-247b-7049-4435-0028ed526dd0', '6d489b13-7396-7986-1577-d9ebc53aac3d', 3, '2021-03-13 16:44:07', '2022-09-06 16:53:33', 'Lý do làm thêm ', '2022-05-28 23:07:44', '2022-06-16 07:15:41', '1992-07-21 21:14:24', 2, '2022-09-27 23:48:04', 'Nguyễn Việt Thành ', NULL, 'Nguyễn  Thị Linh', 1),
('78f682e5-606f-77f2-af26-71cca92946bf', '7976650d-4e86-2615-8c41-c1ec321fe728', '2f4cc91d-6f13-4b4c-1c80-de64d090a2c2', 1, '2021-03-17 13:06:18', '2022-01-01 00:06:53', ' Làm bù nghỉ phép', '2021-01-06 09:35:36', '1970-01-01 01:26:02', '2001-02-24 22:36:57', 4, '2022-04-27 13:41:51', 'Nguyễn Ngọc Bằng ', '2021-02-27 18:34:18', 'Võ Văn Mạnh ', NULL),
('79085971-6726-64c0-a37d-817a123d365d', '31ae1818-7baf-1872-1e77-d9ebc53aac3d', '6e3f7a8c-2f78-16a9-36c2-579daad24557', 3, '2021-05-16 21:59:00', '2022-04-04 15:55:33', ' Dự án sắp đẩy lên product ', '2021-01-01 00:00:09', '1995-09-19 22:23:39', '1970-01-01 01:20:36', 4, '2021-01-01 00:02:43', 'Nguyễn Việt Hương ', '2021-01-01 00:00:07', 'Bùi Ngọc Trường ', NULL),
('79aca385-65e3-1ebe-f488-479bce9b28fc', '5fd0a411-5945-70f7-4a35-0028ed526dd0', '3738ce93-1661-5628-2cc2-579daad24557', 2, '2022-04-28 00:46:51', '2022-01-13 01:39:26', ' Làm bù nghỉ phép', '2021-01-01 01:40:13', '1970-01-01 00:00:03', '1995-03-25 16:37:51', 3, '2022-07-29 19:50:34', 'Nông Văn Hương ', NULL, 'Trịnh Ngọc Cường ', 1),
('7a8cb766-7856-2fea-e43d-c9e9e9038fe2', '6f51ea57-13b2-139f-1177-d9ebc53aac3d', '677132b4-2a33-68d1-26c2-579daad24557', 2, '2021-11-12 08:00:26', '2022-10-21 04:47:53', ' Làm bù nghỉ phép', '2021-01-02 23:50:05', '1970-01-01 00:00:26', '1991-07-30 21:13:47', 4, '2022-07-31 14:17:25', 'Trân Tuấn Trường ', '2021-08-12 01:46:04', 'Nguyễn Tuấn Hương ', NULL),
('7b6cddb8-5da7-42c1-f336-63d5d5eff719', '1b05fdba-145b-7ab0-8d41-c1ec321fe728', '6399a2a5-2afd-3384-da1d-086412a8ea97', 1, '2021-01-01 00:15:57', '2022-10-20 10:00:06', ' Làm bù nghỉ phép', '2022-06-28 14:38:59', '1987-07-11 22:06:17', '2022-02-22 01:54:29', 1, NULL, 'Nguyễn Minh Hương ', '2021-01-01 00:00:01', 'Nguyễn Việt Tuấn ', 1),
('7b7199e2-289b-2f80-8632-03c92da59c43', '21ae5078-5e68-3790-6af6-423b4e874d0f', '535ddd98-1493-7909-1e80-de64d090a2c2', 1, '2022-10-22 12:30:27', '2022-06-10 12:07:58', ' Khách yêu cầu gấp ', '2022-05-29 01:04:48', '2010-03-22 05:07:51', '1987-07-07 20:13:09', 4, '2021-01-01 00:10:23', 'Bùi Thái Cường ', '2021-01-01 01:33:24', NULL, NULL),
('7b8f6eab-5870-78e6-f036-63d5d5eff719', '201b9639-5997-303c-5880-7ed9d1ea06ea', '4852769b-3986-7c69-2077-d9ebc53aac3d', 3, '2022-04-12 07:28:10', '2022-04-23 03:19:19', ' Dự án sắp đẩy lên product ', '2022-08-18 09:03:23', '1977-12-17 17:30:20', '2013-04-04 05:21:06', 2, '2021-06-21 13:16:15', 'Nguyễn Tuấn Hoàng ', '2021-08-20 03:30:03', 'Nguyễn Minh Minh ', 1),
('7bbc3d21-75a9-3656-91db-f21ac591aca5', '5de704c2-573f-1a71-1a80-de64d090a2c2', '3cb58bb5-2fd7-6c15-8741-c1ec321fe728', 2, '2021-09-26 08:12:16', '2022-01-01 00:16:21', ' Khách yêu cầu gấp ', '2021-01-01 00:02:31', '2000-10-11 15:23:58', '2020-07-31 05:50:27', 4, '2021-01-01 00:00:03', 'Lê Thái Hương ', '2021-04-30 22:45:06', 'Nguyễn Thái Thanh ', NULL),
('7c64f202-69b2-2900-0289-479bce9b28fc', '76cc3313-3932-7e97-4635-0028ed526dd0', '79dadd0d-69fa-5e30-35c2-579daad24557', 2, '2022-06-06 08:30:41', '2022-02-01 18:25:52', ' Làm bù nghỉ phép', '2022-03-07 03:13:07', '1997-09-28 05:01:47', NULL, 1, '2021-07-12 06:04:31', 'Nguyễn Thái Tuấn ', '2021-01-01 00:00:01', 'Nguyễn Việt Tuấn ', 1),
('7c67f3a5-2673-6c6b-a326-71cca92946bf', '1b972dfb-67eb-5f25-39c2-579daad24557', '500b6761-1631-4f3a-c0d2-89b22d10517e', 1, '2021-01-01 00:08:16', '2022-05-23 10:25:08', ' Dự án sắp đẩy lên product ', '2021-07-26 06:06:35', '2001-04-01 01:33:24', '2009-05-27 10:23:27', 4, '2021-02-01 18:30:49', NULL, '2021-07-28 15:40:32', 'Nguyễn Thái Trường ', NULL),
('7c7907fa-630d-24ef-8f7d-817a123d365d', '623727c0-4fb7-573d-c3d2-89b22d10517e', '3b9ddf67-2552-6683-5a80-7ed9d1ea06ea', 3, '2022-07-28 17:42:37', '2022-10-01 16:51:33', ' Làm bù nghỉ phép', '2021-04-16 19:35:07', '1970-01-01 00:05:48', '2013-02-03 19:59:43', 2, '2021-01-01 00:00:24', NULL, '2021-01-01 00:09:46', 'Nguyễn Việt Hương ', 1),
('7ddafeb5-7292-750c-94db-f21ac591aca5', '4dd0746a-6f49-64fa-1d77-d9ebc53aac3d', '66ef0b11-1892-1443-1877-d9ebc53aac3d', 1, '2022-10-22 08:01:50', '2022-01-01 00:24:03', ' Dự án sắp đẩy lên product ', '2021-06-08 20:15:08', '1978-04-25 15:34:37', '1970-01-01 00:00:04', 2, NULL, 'Lê Việt Hiếu ', NULL, 'Bùi Việt Ngọc ', 1),
('7e7cbffb-5fcd-379c-8932-03c92da59c43', '517035f8-43a9-4c59-72f6-423b4e874d0f', '2f43fc9d-1f7a-25fc-5280-7ed9d1ea06ea', 1, '2021-11-05 05:21:11', '2022-05-08 12:06:41', ' Khách yêu cầu gấp ', '2022-06-11 01:29:49', NULL, '1999-02-09 10:52:11', 1, '2021-12-26 04:22:54', 'Mai Tuấn Ngọc ', '2021-06-17 06:28:46', 'Lê Tuấn Minh ', 1),
('7f24dd68-4609-30f2-ec3d-c9e9e9038fe2', '3a425a4d-6066-116b-6bf6-423b4e874d0f', '383760d5-6851-218b-4835-0028ed526dd0', 3, '2022-06-10 12:56:31', '2022-01-01 00:00:21', ' Làm bù nghỉ phép', '2022-06-29 03:46:01', '1970-01-01 00:00:09', '2012-03-28 17:49:21', 2, '2021-08-29 16:56:43', 'Nguyễn Thái Tuấn ', '2021-01-01 00:08:29', 'Nguyễn Việt Tuấn ', 1);

-- 
-- Dumping data for table request_detail
--
INSERT INTO request_detail VALUES
('2255c8c5-0e97-44eb-bae6-b5aa98cd874f', '2171ff37-997c-4001-adf6-449fba3e4321', 'NV123', 'Bùi Minh Hương ', '45ac3d26-18f2-18a9-3031-644313fbb055', '469b3ece-744a-45d5-957d-e8c757976496', 'Pressley@example.com', '(807) 678-53', '5dc832b0-169a-1395-37c2-579daad24557'),
('25792dd1-6ee3-441f-803a-30edd47b5d4c', '2171ff37-997c-4001-adf6-449fba3e4321', 'NV124', 'Bùi Minh Trường ', '7c4f14d8-66fb-14ae-198f-6354f958f4c0', '768f8e64-7d10-20c9-967d-e8c757976496', 'JaunitaSouthard@example.com', '(373) 387-62', '611bb57c-5f6c-434c-c5d2-89b22d10517e'),
('3f0399b3-9ed2-4894-a892-a0b66395466e', '2171ff37-997c-4001-adf6-449fba3e4321', 'NV057', 'Bùi Ngọc Minh ', '45ac3d26-18f2-18a9-3031-644313fbb055', '142cb08f-7c31-21fa-8e90-67245e8b283e', 'DenverSewell899@example.com', '(157) 442-68', '3d1266d8-49d7-3605-2477-d9ebc53aac3d'),
('4ecb8be9-1cf3-4810-8729-51536aa5bbfc', '4a4c7550-5ee4-1843-e13d-c9e9e9038fe2', 'NV074', 'Nguyễn Minh Cường ', '78aafe4a-67a7-2076-3bf3-eb0223d0a4f7', '11452b0c-768e-5ff7-0d63-eeb1d8ed8cef', 'Atwood@nowhere.com', '(173) 265-22', '409dcd1a-426a-23f7-3a35-0028ed526dd0'),
('5e21a3ea-aa0e-4e5a-9b8c-ff982bd03dda', '2171ff37-997c-4001-adf6-449fba3e4321', 'NV05', 'Bùi  Thị Giang', '75cce5a6-4f7f-3671-3cf3-eb0223d0a4f7', '4577565a-7e3e-493a-74dd-867949feb8b5', 'Suggs@example.com', '(982) 826-65', '12693b29-274c-35ce-d11d-086412a8ea97'),
('c28a73b5-812e-4e3f-b62f-f36bf691c5ea', '2171ff37-997c-4001-adf6-449fba3e4321', 'NV106', 'Bùi Minh Bằng ', '35e773ea-5d44-2dda-26a8-6d513e380bde', '142cb08f-7c31-21fa-8e90-67245e8b283e', 'LindsayMccord@example.com', '(495) 003-45', '4c9ebdde-5f9a-58dd-4235-0028ed526dd0');

-- 
-- Restore previous SQL mode
-- 
/*!40101 SET SQL_MODE=@OLD_SQL_MODE */;

-- 
-- Enable foreign keys
-- 
/*!40014 SET FOREIGN_KEY_CHECKS = @OLD_FOREIGN_KEY_CHECKS */;